thirdparty_id,claim_id,thirdparty_first_name,thirdparty_middle_name,thirdparty_last_name,thirdparty_full_name,thirdparty_mobile,thirdparty_email,thirdparty_gender,thirdparty_dob,thirdparty_gov_id,member_id
TP-10000,CLM-00013,Bishakha,,Raghavan,Bishakha Raghavan,97885070310,bishakha97@live.com,F,1982-05-02,UID-764111467843,MEM-13403
TP-10001,CLM-00018,Inaya,,Mukherjee,Inaya Mukherjee,98218262178,inaya19@live.com,F,2001-08-05,VOTER-D376368,
TP-10002,CLM-00020,Ekavir,,Gala,Ekavir Gala,97932282652,ekavir84@hotmail.com,M,1975-07-22,AADHAR-1066-6785-2803,
TP-10003,CLM-00025,Tamanna,,Kothari,Tamanna Kothari,97558349856,tamanna28@rediffmail.com,F,1968-03-29,VOTER-A462948,MEM-11721
TP-10004,CLM-00029,Arjun,,Wali,Arjun Wali,97898250256,arjun75@rediffmail.com,M,2000-07-20,AADHAR-4018-5929-8896,MEM-12368
TP-10005,CLM-00037,Fitan,,Bahri,Fitan Bahri,99576040954,fitan39@hotmail.com,M,1958-03-03,UID-293827483600,
TP-10006,CLM-00040,Kiaan,,Varty,Kiaan Varty,99212727908,kiaan97@yahoo.com,M,1989-06-13,AADHAR-2330-3706-9572,
TP-10007,CLM-00045,Upkaar,,Balay,Upkaar Balay,98659297296,upkaar87@hotmail.com,M,1962-03-24,UID-918399436288,
TP-10008,CLM-00047,Matthew,,Mohanty,Matthew Mohanty,98152682029,matthew60@gmail.com,M,1989-10-05,UID-269315318842,MEM-11908
TP-10009,CLM-00051,Timothy,,Narayan,Timothy Narayan,98784655561,timothy74@gmail.com,M,1955-05-25,VOTER-E754131,
TP-10010,CLM-00054,Falak,,Datta,Falak Datta,97653530737,falak35@outlook.co.in,F,2006-08-08,VOTER-B215598,MEM-10929
TP-10011,CLM-00057,Balvan,,More,Balvan More,99656550412,balvan64@gmail.com,M,1979-04-14,AADHAR-9105-2544-2062,
TP-10012,CLM-00065,Madhav,,Chada,Madhav Chada,97056377080,madhav55@outlook.co.in,M,1965-09-04,UID-908729202529,
TP-10013,CLM-00072,Ayush,,Kunda,Ayush Kunda,99472878134,ayush90@live.com,M,2006-04-04,AADHAR-7600-2175-8379,
TP-10014,CLM-00075,Isaac,,Buch,Isaac Buch,99752007812,isaac90@gmail.com,M,1983-07-06,AADHAR-6168-4110-3203,
TP-10015,CLM-00079,Yashasvi,,Dave,Yashasvi Dave,99171810297,yashasvi47@gmail.com,F,1987-11-17,UID-419368767981,MEM-13334
TP-10016,CLM-00081,Thomas,,Mann,Thomas Mann,99297950773,thomas84@gmail.com,M,1980-03-05,UID-847548211456,MEM-12154
TP-10017,CLM-00083,Michael,,Raju,Michael Raju,99278257992,michael62@rediffmail.com,M,2001-03-21,AADHAR-6983-5234-3370,
TP-10018,CLM-00088,Nilima,,Seshadri,Nilima Seshadri,97449840579,nilima68@outlook.co.in,F,1979-06-13,UID-781878872348,
TP-10019,CLM-00091,Thomas,,Balay,Thomas Balay,98582044967,thomas57@live.com,M,1967-05-03,UID-340065645180,
TP-10020,CLM-00102,Bhavna,,Soman,Bhavna Soman,97479196803,bhavna17@yahoo.com,F,2004-04-11,VOTER-E764831,
TP-10021,CLM-00103,Dayita,,Arya,Dayita Arya,98441102627,dayita14@gmail.com,F,1975-12-06,UID-581781009882,
TP-10022,CLM-00105,Abha,,Bose,Abha Bose,99099467591,abha45@yahoo.com,F,1994-07-06,UID-762220983462,
TP-10023,CLM-00109,Banjeet,,Baria,Banjeet Baria,98296333676,banjeet24@gmail.com,M,1976-10-22,VOTER-C606402,MEM-12131
TP-10024,CLM-00113,Matthew,,Sami,Matthew Sami,98348711424,matthew28@hotmail.com,M,1968-05-06,VOTER-E409259,
TP-10025,CLM-00115,Dayamai,,Behl,Dayamai Behl,97192388565,dayamai52@rediffmail.com,F,1958-01-04,AADHAR-8889-3717-5830,
TP-10026,CLM-00119,Tamanna,,Rattan,Tamanna Rattan,98830827039,tamanna69@rediffmail.com,F,1991-08-28,AADHAR-9353-2092-1062,
TP-10027,CLM-00121,Tarak,,Mahajan,Tarak Mahajan,97958413401,tarak42@hotmail.com,M,1962-08-02,UID-531551424079,MEM-12698
TP-10028,CLM-00124,Dalbir,,Mannan,Dalbir Mannan,97656351433,dalbir63@live.com,M,1971-11-12,VOTER-A779738,
TP-10029,CLM-00128,Krisha,,Chadha,Krisha Chadha,98182110252,krisha80@yahoo.com,F,1984-11-07,UID-496618756016,
TP-10030,CLM-00130,Azaan,,Mittal,Azaan Mittal,98774272215,azaan59@hotmail.com,M,1968-02-26,VOTER-E207561,
TP-10031,CLM-00135,Kabir,,Loke,Kabir Loke,99036228899,kabir18@rediffmail.com,M,1958-12-06,UID-105531307472,
TP-10032,CLM-00141,Jonathan,,Apte,Jonathan Apte,98256639375,jonathan81@yahoo.com,M,1968-01-18,UID-260641833460,
TP-10033,CLM-00142,Naksh,,Sachdeva,Naksh Sachdeva,98587991720,naksh16@outlook.co.in,M,2004-06-10,UID-975167766850,MEM-12185
TP-10034,CLM-00143,Eiravati,,Ravi,Eiravati Ravi,98799712671,eiravati34@outlook.co.in,F,1958-08-30,AADHAR-7406-4987-9431,
TP-10035,CLM-00145,Darsh,,Kothari,Darsh Kothari,98973534465,darsh61@hotmail.com,M,1977-12-10,AADHAR-2012-6872-3073,
TP-10036,CLM-00146,Omisha,,Deol,Omisha Deol,99745519499,omisha25@hotmail.com,F,1968-10-17,AADHAR-5744-3396-4764,
TP-10037,CLM-00147,Faras,,Sibal,Faras Sibal,99380203657,faras35@live.com,M,1970-07-01,VOTER-D681425,
TP-10038,CLM-00148,Chaitanya,,Sanghvi,Chaitanya Sanghvi,98524194745,chaitanya92@outlook.co.in,M,1998-03-22,UID-497745709976,
TP-10039,CLM-00151,Dominic,,Boase,Dominic Boase,99998448529,dominic54@gmail.com,M,1958-06-22,AADHAR-8128-2718-1184,
TP-10040,CLM-00153,Isaac,,Kakar,Isaac Kakar,97650178239,isaac86@gmail.com,M,2003-01-05,UID-148100295181,
TP-10041,CLM-00156,Jagvi,,Barad,Jagvi Barad,97171924436,jagvi76@gmail.com,F,1982-11-05,AADHAR-2881-3816-2627,
TP-10042,CLM-00158,Radha,,Kurian,Radha Kurian,99057578377,radha49@rediffmail.com,F,1995-01-18,UID-263308970317,
TP-10043,CLM-00163,Vanya,,Divan,Vanya Divan,99123376631,vanya54@yahoo.com,F,1962-07-01,AADHAR-2731-2393-7340,
TP-10044,CLM-00166,Qushi,,Sharaf,Qushi Sharaf,98861122412,qushi31@hotmail.com,F,1966-02-18,UID-580147402215,
TP-10045,CLM-00169,Max,,Deshmukh,Max Deshmukh,97347129162,max28@hotmail.com,M,1982-03-06,VOTER-A275133,MEM-10476
TP-10046,CLM-00172,Harish,,Dhar,Harish Dhar,99968179710,harish12@gmail.com,M,1980-03-05,UID-612582515291,MEM-12005
TP-10047,CLM-00173,Hema,,Varkey,Hema Varkey,98883332272,hema73@gmail.com,F,1978-06-13,AADHAR-4860-6206-8894,
TP-10048,CLM-00174,Ekta,,Tailor,Ekta Tailor,99478164172,ekta68@outlook.co.in,F,1980-12-04,AADHAR-1114-2238-6632,
TP-10049,CLM-00176,Timothy,,Loyal,Timothy Loyal,99329378734,timothy31@hotmail.com,M,1979-10-15,UID-106750095349,
TP-10050,CLM-00188,Vinaya,,Oommen,Vinaya Oommen,99724785470,vinaya21@gmail.com,F,1992-03-02,UID-799014485954,MEM-13203
TP-10051,CLM-00191,Matthew,,Bhavsar,Matthew Bhavsar,98507745759,matthew70@rediffmail.com,M,1956-02-04,AADHAR-2563-3371-3874,
TP-10052,CLM-00193,Tanveer,,Arya,Tanveer Arya,97396271190,tanveer23@yahoo.com,M,1953-10-11,VOTER-C605834,
TP-10053,CLM-00197,Frado,,Sachdev,Frado Sachdev,99218041243,frado78@gmail.com,M,1962-05-25,VOTER-A902482,MEM-11071
TP-10054,CLM-00198,Brijesh,,Natt,Brijesh Natt,98811769480,brijesh75@yahoo.com,M,1970-07-23,VOTER-E384399,
TP-10055,CLM-00201,Avni,,Badal,Avni Badal,97545210866,avni69@hotmail.com,F,2000-08-30,UID-457758736031,MEM-10960
TP-10056,CLM-00213,Liam,,Jhaveri,Liam Jhaveri,99375286322,liam19@outlook.co.in,M,1972-02-15,VOTER-C291550,MEM-12716
TP-10057,CLM-00214,Leena,,Mannan,Leena Mannan,98801221948,leena68@yahoo.com,F,1955-09-21,AADHAR-7694-8065-6625,
TP-10058,CLM-00219,Daksha,,Raj,Daksha Raj,99238438294,daksha23@gmail.com,F,1998-11-30,AADHAR-4127-8909-9324,
TP-10059,CLM-00231,Chatura,,Prabhu,Chatura Prabhu,97478739620,chatura43@hotmail.com,M,1993-07-29,UID-298170829615,
TP-10060,CLM-00236,Daksh,,Baral,Daksh Baral,97563048568,daksh84@outlook.co.in,M,1954-07-06,VOTER-E618098,
TP-10061,CLM-00242,Jeet,,Shenoy,Jeet Shenoy,97132808548,jeet81@rediffmail.com,M,2003-03-14,UID-334589189629,MEM-13072
TP-10062,CLM-00243,Ganga,,Varkey,Ganga Varkey,99954963324,ganga95@rediffmail.com,F,1982-06-18,UID-383258749441,
TP-10063,CLM-00244,Yagnesh,,Gopal,Yagnesh Gopal,97528883787,yagnesh11@outlook.co.in,M,1997-11-27,VOTER-A643734,
TP-10064,CLM-00246,Parth,,Choudhry,Parth Choudhry,98650923456,parth61@rediffmail.com,M,1963-12-02,VOTER-B521927,MEM-12096
TP-10065,CLM-00251,Praneel,,Nair,Praneel Nair,99874996891,praneel86@rediffmail.com,M,1969-02-20,VOTER-D920141,MEM-11328
TP-10066,CLM-00252,Aarnav,,Memon,Aarnav Memon,97709170567,aarnav93@rediffmail.com,M,2001-06-17,VOTER-D757231,
TP-10067,CLM-00258,Tejas,,Dugal,Tejas Dugal,99816912859,tejas46@gmail.com,M,1999-01-04,AADHAR-6244-5779-7060,
TP-10068,CLM-00262,Arunima,,Suresh,Arunima Suresh,99071329775,arunima46@yahoo.com,F,1964-12-11,AADHAR-1631-6281-6833,
TP-10069,CLM-00264,Lakshit,,Kade,Lakshit Kade,97894874747,lakshit36@yahoo.com,M,1996-01-15,VOTER-A161604,
TP-10070,CLM-00266,Falan,,Kohli,Falan Kohli,99247825313,falan11@gmail.com,M,1983-09-18,AADHAR-1908-3348-5874,
TP-10071,CLM-00269,Vasana,,Pradhan,Vasana Pradhan,99316780678,vasana65@gmail.com,F,1977-07-03,AADHAR-1204-5611-2386,
TP-10072,CLM-00271,Barkha,,Gole,Barkha Gole,99314448871,barkha84@gmail.com,F,1980-05-23,UID-819436254209,
TP-10073,CLM-00273,Akshay,,Wali,Akshay Wali,98346155699,akshay43@outlook.co.in,M,1951-06-03,VOTER-C916493,
TP-10074,CLM-00275,Kavya,,Mani,Kavya Mani,98109131644,kavya73@rediffmail.com,F,1963-03-11,AADHAR-6837-7896-6052,
TP-10075,CLM-00281,Janani,,Bhasin,Janani Bhasin,97992571119,janani62@hotmail.com,F,1995-06-25,UID-851591035645,MEM-12481
TP-10076,CLM-00287,Samarth,,Peri,Samarth Peri,98522333037,samarth57@live.com,M,1988-09-15,AADHAR-1141-1348-5057,MEM-10894
TP-10077,CLM-00295,Samarth,,Patil,Samarth Patil,98057986545,samarth58@rediffmail.com,M,1986-07-27,AADHAR-1062-5280-5127,
TP-10078,CLM-00305,Inaya,,Bala,Inaya Bala,97276248289,inaya86@hotmail.com,F,2004-08-16,UID-207812089070,MEM-11810
TP-10079,CLM-00306,Rachita,,Goyal,Rachita Goyal,99169897075,rachita28@rediffmail.com,F,1950-04-26,AADHAR-4998-9299-2814,
TP-10080,CLM-00315,Jatin,,Tiwari,Jatin Tiwari,98809435012,jatin86@gmail.com,M,1991-05-12,AADHAR-9233-1382-9533,MEM-12124
TP-10081,CLM-00318,Chakradhar,,Rege,Chakradhar Rege,99578579410,chakradhar17@gmail.com,M,1954-06-23,UID-367273677673,
TP-10082,CLM-00320,Dayamai,,Bali,Dayamai Bali,98983881751,dayamai87@rediffmail.com,F,1971-11-23,UID-345336917209,MEM-10042
TP-10083,CLM-00325,Vedika,,Sehgal,Vedika Sehgal,99523420851,vedika47@gmail.com,F,1980-10-04,UID-445749315725,MEM-12240
TP-10084,CLM-00327,Robert,,Swaminathan,Robert Swaminathan,97571946897,robert46@hotmail.com,M,2000-03-28,VOTER-D619408,
TP-10085,CLM-00329,Kavya,,Vaidya,Kavya Vaidya,97722534027,kavya82@outlook.co.in,F,1979-08-22,UID-983539347006,
TP-10086,CLM-00330,Jasmit,,Sankaran,Jasmit Sankaran,98684066840,jasmit19@yahoo.com,F,1968-12-19,VOTER-B326188,
TP-10087,CLM-00332,Utkarsh,,Sharaf,Utkarsh Sharaf,97607067288,utkarsh67@live.com,M,1953-02-27,UID-696398447255,
TP-10088,CLM-00333,Nimrat,,Jayaraman,Nimrat Jayaraman,97796872721,nimrat44@rediffmail.com,F,1963-05-12,AADHAR-6740-4921-6204,
TP-10089,CLM-00338,Tarak,,Doctor,Tarak Doctor,98937582698,tarak88@gmail.com,M,1960-03-01,VOTER-E568118,
TP-10090,CLM-00342,Qushi,,Doshi,Qushi Doshi,98298989108,qushi41@hotmail.com,F,1956-05-23,VOTER-C233604,
TP-10091,CLM-00345,Aadi,,Raghavan,Aadi Raghavan,97688526757,aadi61@live.com,M,1962-05-30,UID-362117271905,MEM-12522
TP-10092,CLM-00346,Idika,,Sami,Idika Sami,99248591629,idika58@rediffmail.com,F,1987-06-03,AADHAR-5312-2623-4752,MEM-10112
TP-10093,CLM-00350,Lila,,Parikh,Lila Parikh,98776637111,lila78@rediffmail.com,F,1980-04-23,VOTER-C449726,MEM-12144
TP-10094,CLM-00351,Azaan,,Maharaj,Azaan Maharaj,97821248237,azaan78@yahoo.com,M,1984-06-11,VOTER-B965248,MEM-10187
TP-10095,CLM-00356,Baghyawati,,Buch,Baghyawati Buch,98360701617,baghyawati85@hotmail.com,F,1978-07-14,AADHAR-8818-5064-1461,MEM-10659
TP-10096,CLM-00359,Aditya,,Walia,Aditya Walia,97340085861,aditya43@live.com,M,1973-01-29,UID-504560570040,
TP-10097,CLM-00365,Vedhika,,Bora,Vedhika Bora,99328937144,vedhika94@rediffmail.com,F,1972-05-30,UID-817307485248,
TP-10098,CLM-00369,Peter,,Sampath,Peter Sampath,98049146507,peter93@gmail.com,M,1992-07-06,AADHAR-9955-7625-1568,MEM-10367
TP-10099,CLM-00371,Gagan,,Bera,Gagan Bera,98670522782,gagan48@gmail.com,M,1999-09-08,AADHAR-5745-8045-1329,
TP-10100,CLM-00375,Banjeet,,Sood,Banjeet Sood,97910443094,banjeet68@yahoo.com,M,1983-04-24,UID-970431189997,MEM-10325
TP-10101,CLM-00378,Amol,,Pai,Amol Pai,99872740749,amol71@live.com,M,1995-09-19,UID-760563917331,
TP-10102,CLM-00379,Umang,,Kant,Umang Kant,97604346093,umang23@live.com,M,1972-11-29,UID-734584068154,MEM-12900
TP-10103,CLM-00381,Lekha,,Dasgupta,Lekha Dasgupta,97036993189,lekha36@yahoo.com,F,1992-06-14,UID-296602846093,
TP-10104,CLM-00384,Robert,,Sabharwal,Robert Sabharwal,97875926587,robert47@yahoo.com,M,2004-03-13,AADHAR-6970-9770-7356,
TP-10105,CLM-00391,Saksham,,Chada,Saksham Chada,97776822401,saksham16@outlook.co.in,M,1972-01-26,AADHAR-3512-5233-3167,MEM-11732
TP-10106,CLM-00392,Bahadurjit,,Ray,Bahadurjit Ray,98898815877,bahadurjit75@yahoo.com,M,1956-08-31,UID-390717885712,
TP-10107,CLM-00403,Vrishti,,Babu,Vrishti Babu,97140620929,vrishti52@live.com,F,1973-06-02,UID-439507909673,
TP-10108,CLM-00404,Omkaar,,Pillai,Omkaar Pillai,97869461296,omkaar37@rediffmail.com,M,1981-12-18,UID-201899507758,
TP-10109,CLM-00416,Michael,,Mander,Michael Mander,98662088353,michael82@gmail.com,M,1982-03-01,VOTER-D859859,MEM-10125
TP-10110,CLM-00423,Wyatt,,Koshy,Wyatt Koshy,97483592825,wyatt67@rediffmail.com,M,1999-05-02,UID-118857289215,
TP-10111,CLM-00429,Samaksh,,Lad,Samaksh Lad,97335749274,samaksh46@yahoo.com,M,1977-04-22,UID-932135303066,
TP-10112,CLM-00430,Ekanta,,Barad,Ekanta Barad,99253067537,ekanta85@gmail.com,F,1970-04-07,AADHAR-8482-8893-5943,
TP-10113,CLM-00433,Robert,,Sundaram,Robert Sundaram,98156629197,robert14@outlook.co.in,M,1986-03-28,VOTER-C582805,MEM-11864
TP-10114,CLM-00435,Qasim,,Salvi,Qasim Salvi,99440841904,qasim22@live.com,M,1984-05-23,AADHAR-5065-4650-7964,MEM-10715
TP-10115,CLM-00444,Yachana,,Madan,Yachana Madan,97456448395,yachana11@outlook.co.in,F,1960-04-09,VOTER-C959225,MEM-11870
TP-10116,CLM-00447,George,,Sule,George Sule,97855159900,george94@live.com,M,1967-04-01,VOTER-A478778,
TP-10117,CLM-00454,Dipta,,Anand,Dipta Anand,97661014972,dipta99@outlook.co.in,F,2005-04-06,VOTER-C409112,
TP-10118,CLM-00455,Waida,,Dada,Waida Dada,97286815499,waida51@gmail.com,F,1951-05-13,VOTER-E322443,
TP-10119,CLM-00466,Vrishti,,Prasad,Vrishti Prasad,98203589440,vrishti29@outlook.co.in,F,1964-04-10,AADHAR-5270-7015-1307,
TP-10120,CLM-00467,Amaira,,Agarwal,Amaira Agarwal,99928216690,amaira51@gmail.com,F,1993-02-14,VOTER-B960424,
TP-10121,CLM-00469,Tamanna,,Rastogi,Tamanna Rastogi,99130913715,tamanna10@gmail.com,F,1973-02-11,VOTER-D889745,MEM-12827
TP-10122,CLM-00473,Aarush,,Wali,Aarush Wali,99043459844,aarush37@live.com,M,1962-10-26,AADHAR-4121-7657-3151,MEM-12547
TP-10123,CLM-00474,Kashish,,Sane,Kashish Sane,99803594470,kashish59@gmail.com,F,1981-11-14,UID-369261740714,MEM-10623
TP-10124,CLM-00477,Praneel,,Rama,Praneel Rama,99994622223,praneel21@hotmail.com,M,1973-05-21,UID-122441714044,MEM-13029
TP-10125,CLM-00480,Indira,,Jayaraman,Indira Jayaraman,99192500064,indira40@hotmail.com,F,2007-08-29,AADHAR-6886-1863-4566,
TP-10126,CLM-00485,Meghana,,Oak,Meghana Oak,97091363575,meghana48@hotmail.com,F,1973-04-23,AADHAR-8323-7002-8647,
TP-10127,CLM-00491,Bhavika,,Apte,Bhavika Apte,99120906581,bhavika47@gmail.com,F,1951-05-19,AADHAR-5701-2198-5267,
TP-10128,CLM-00495,Januja,,Merchant,Januja Merchant,97790143749,januja28@live.com,F,1960-05-20,UID-742869227292,
TP-10129,CLM-00500,Baljiwan,,Chada,Baljiwan Chada,99165746708,baljiwan87@hotmail.com,M,1995-05-19,UID-753792173723,
TP-10130,CLM-00502,Maanas,,Kumer,Maanas Kumer,99602764501,maanas57@live.com,M,1990-05-23,VOTER-D998901,
TP-10131,CLM-00503,Ladli,,Sehgal,Ladli Sehgal,97997743877,ladli30@hotmail.com,F,1964-06-02,VOTER-A501385,
TP-10132,CLM-00511,Mahika,,Kalita,Mahika Kalita,99753464676,mahika57@outlook.co.in,F,1995-10-16,AADHAR-8274-9207-7897,
TP-10133,CLM-00512,Falan,,Sidhu,Falan Sidhu,99788578131,falan38@rediffmail.com,M,1963-04-11,UID-566129879024,MEM-12117
TP-10134,CLM-00513,Harrison,,Kata,Harrison Kata,98981738142,harrison35@live.com,M,1993-06-30,UID-573336757719,
TP-10135,CLM-00517,Charan,,Reddy,Charan Reddy,99797940857,charan30@live.com,M,1961-11-12,UID-201026088421,MEM-12762
TP-10136,CLM-00522,Yasti,,Amble,Yasti Amble,97004382912,yasti38@gmail.com,F,1952-06-18,VOTER-E391651,
TP-10137,CLM-00523,Aayush,,Sanghvi,Aayush Sanghvi,97068691094,aayush68@yahoo.com,M,1988-07-27,AADHAR-6403-8629-5995,
TP-10138,CLM-00526,Kevin,,Chaudhuri,Kevin Chaudhuri,99139088042,kevin49@outlook.co.in,M,1987-12-26,VOTER-D927022,MEM-11863
TP-10139,CLM-00534,Ekansh,,Kapadia,Ekansh Kapadia,99842456201,ekansh57@rediffmail.com,M,1965-09-16,AADHAR-9542-4947-1309,
TP-10140,CLM-00536,Patrick,,Bassi,Patrick Bassi,99275411941,patrick90@yahoo.com,M,1996-07-05,AADHAR-5582-1742-7786,MEM-12996
TP-10141,CLM-00540,Lopa,,Rama,Lopa Rama,99864545831,lopa56@outlook.co.in,F,1968-01-29,VOTER-B679484,
TP-10142,CLM-00543,Advay,,Soni,Advay Soni,97039664320,advay55@hotmail.com,M,1982-10-04,AADHAR-4204-2614-4153,MEM-10338
TP-10143,CLM-00552,Dhruv,,Johal,Dhruv Johal,97130852276,dhruv59@live.com,M,1961-09-09,VOTER-E605603,
TP-10144,CLM-00555,Osha,,Mahal,Osha Mahal,99418587923,osha94@gmail.com,F,1963-08-30,VOTER-C102799,MEM-12914
TP-10145,CLM-00558,Simon,,Wadhwa,Simon Wadhwa,99652335968,simon21@outlook.co.in,M,1964-12-21,UID-137520424588,
TP-10146,CLM-00562,Neelima,,Sarna,Neelima Sarna,97489237167,neelima66@rediffmail.com,F,1970-10-07,AADHAR-1408-5942-8665,MEM-12180
TP-10147,CLM-00570,Rachana,,Gopal,Rachana Gopal,98203685439,rachana51@outlook.co.in,F,1982-04-02,VOTER-C835425,MEM-10228
TP-10148,CLM-00574,Ria,,Jha,Ria Jha,97237215401,ria71@hotmail.com,F,2002-01-23,VOTER-D240232,
TP-10149,CLM-00575,Nitesh,,Chaudhuri,Nitesh Chaudhuri,99577725845,nitesh77@hotmail.com,M,1965-10-26,VOTER-D348673,
TP-10150,CLM-00576,Lavanya,,Char,Lavanya Char,97142926054,lavanya12@live.com,F,1991-07-22,AADHAR-2332-9691-6736,MEM-13238
TP-10151,CLM-00579,Tamanna,,Goswami,Tamanna Goswami,99201202306,tamanna48@hotmail.com,F,1956-02-11,AADHAR-5467-6201-1338,
TP-10152,CLM-00582,Ikbal,,D’Alia,Ikbal D’Alia,99385006345,ikbal71@yahoo.com,M,1973-11-24,UID-843974873558,
TP-10153,CLM-00585,Azaan,,Chanda,Azaan Chanda,97627562523,azaan57@hotmail.com,M,1957-03-15,UID-143142777171,
TP-10154,CLM-00588,Barkha,,Krishnan,Barkha Krishnan,99946165012,barkha24@hotmail.com,F,1973-03-10,VOTER-A793180,
TP-10155,CLM-00591,Vaishnavi,,Manda,Vaishnavi Manda,98834232269,vaishnavi38@gmail.com,F,1998-01-11,AADHAR-5805-1025-3471,
TP-10156,CLM-00593,Fitan,,Basu,Fitan Basu,97184557495,fitan18@rediffmail.com,M,1980-05-01,AADHAR-5271-4748-2456,
TP-10157,CLM-00594,Pallavi,,Anne,Pallavi Anne,97000340415,pallavi96@yahoo.com,F,1963-07-15,VOTER-D480185,
TP-10158,CLM-00596,Hemangini,,Nanda,Hemangini Nanda,99675196849,hemangini91@gmail.com,F,1995-09-01,AADHAR-5394-5958-3695,MEM-10026
TP-10159,CLM-00598,Damyanti,,Soman,Damyanti Soman,97341105569,damyanti21@gmail.com,F,1957-06-26,AADHAR-3546-1928-7426,
TP-10160,CLM-00602,Sneha,,Mander,Sneha Mander,99707733239,sneha10@gmail.com,F,1976-11-09,AADHAR-8079-9146-8677,
TP-10161,CLM-00605,Sara,,Khatri,Sara Khatri,98176301073,sara22@live.com,F,1985-03-24,UID-924948993936,
TP-10162,CLM-00607,Darsh,,Bail,Darsh Bail,98097897662,darsh47@rediffmail.com,M,1964-06-28,UID-604839803913,
TP-10163,CLM-00608,Shivani,,Krishnan,Shivani Krishnan,99271879247,shivani14@hotmail.com,F,1994-08-25,UID-134068704601,MEM-12119
TP-10164,CLM-00615,Anmol,,Kakar,Anmol Kakar,99439873445,anmol50@live.com,M,1975-07-08,AADHAR-2048-3668-9582,
TP-10165,CLM-00620,Brijesh,,Agarwal,Brijesh Agarwal,97122017230,brijesh51@hotmail.com,M,1972-09-08,UID-190675952981,
TP-10166,CLM-00621,Jackson,,Sengupta,Jackson Sengupta,99802052580,jackson96@gmail.com,M,1988-04-04,VOTER-E474321,
TP-10167,CLM-00624,George,,Swamy,George Swamy,98137554732,george24@live.com,M,2005-09-26,UID-737643185146,
TP-10168,CLM-00626,Jasmit,,Yadav,Jasmit Yadav,98286429975,jasmit24@outlook.co.in,F,1992-10-31,AADHAR-7162-3603-5814,
TP-10169,CLM-00629,Kashish,,Kari,Kashish Kari,99567919114,kashish81@rediffmail.com,F,1966-06-07,VOTER-D974573,MEM-10897
TP-10170,CLM-00630,Tanmayi,,Som,Tanmayi Som,98204101085,tanmayi68@outlook.co.in,F,1995-04-23,UID-822238544569,
TP-10171,CLM-00635,Triveni,,Sachdev,Triveni Sachdev,97105386703,triveni97@outlook.co.in,F,1994-03-25,VOTER-D800096,MEM-12266
TP-10172,CLM-00644,Gayathri,,Gade,Gayathri Gade,97732840751,gayathri59@gmail.com,F,1996-07-31,VOTER-A998220,MEM-10931
TP-10173,CLM-00646,Dipta,,Sandal,Dipta Sandal,97787911860,dipta59@gmail.com,F,1964-08-25,VOTER-A630996,
TP-10174,CLM-00649,Gavin,,Maharaj,Gavin Maharaj,98924145744,gavin75@outlook.co.in,M,1983-11-06,AADHAR-8997-5471-9483,
TP-10175,CLM-00651,Farhan,,Salvi,Farhan Salvi,97589633418,farhan24@live.com,M,1987-09-21,VOTER-D193491,
TP-10176,CLM-00653,Devika,,Swamy,Devika Swamy,99250424646,devika40@rediffmail.com,F,1964-02-17,VOTER-E677032,
TP-10177,CLM-00654,Shivani,,Mukhopadhyay,Shivani Mukhopadhyay,99430750373,shivani19@gmail.com,F,1997-02-25,AADHAR-9814-6853-4736,MEM-13439
TP-10178,CLM-00655,Samar,,Krishnan,Samar Krishnan,98358670813,samar81@outlook.co.in,M,1962-04-29,VOTER-E829480,MEM-13349
TP-10179,CLM-00659,Lavanya,,Prabhu,Lavanya Prabhu,97160310503,lavanya45@hotmail.com,F,1986-08-20,VOTER-B255551,MEM-12730
TP-10180,CLM-00665,Peter,,Sampath,Peter Sampath,98049146507,peter93@gmail.com,M,1992-07-06,AADHAR-9955-7625-1568,MEM-10367
TP-10181,CLM-00668,Girish,,Dhawan,Girish Dhawan,99947173038,girish57@gmail.com,M,1955-12-23,VOTER-A631234,
TP-10182,CLM-00673,Logan,,Luthra,Logan Luthra,97358092532,logan51@outlook.co.in,M,1955-02-25,AADHAR-7258-8985-6370,
TP-10183,CLM-00677,Eesha,,Sridhar,Eesha Sridhar,99843816232,eesha41@live.com,F,1991-01-29,VOTER-B115666,MEM-10493
TP-10184,CLM-00683,Jalsa,,Kakar,Jalsa Kakar,99977639271,jalsa29@hotmail.com,F,2000-11-16,VOTER-E369547,MEM-12964
TP-10185,CLM-00684,Zilmil,,Reddy,Zilmil Reddy,98671698282,zilmil50@yahoo.com,F,2004-02-20,VOTER-D957496,MEM-11409
TP-10186,CLM-00685,Theodore,,Sawhney,Theodore Sawhney,97805643871,theodore38@rediffmail.com,M,1991-11-05,AADHAR-9440-7308-7078,
TP-10187,CLM-00694,Vihaan,,Bains,Vihaan Bains,97654350656,vihaan66@outlook.co.in,M,1981-11-03,VOTER-D734801,
TP-10188,CLM-00697,Harsh,,Pillai,Harsh Pillai,98523992112,harsh64@hotmail.com,M,1959-04-01,VOTER-E892452,
TP-10189,CLM-00709,Watika,,Bhagat,Watika Bhagat,97926369227,watika83@rediffmail.com,F,1986-05-26,UID-896035954239,MEM-11016
TP-10190,CLM-00717,Veer,,Raman,Veer Raman,99930382447,veer21@yahoo.com,M,1980-10-17,UID-663663448291,
TP-10191,CLM-00720,Nathan,,Som,Nathan Som,97520788700,nathan36@gmail.com,M,1966-09-12,AADHAR-9973-4712-6628,
TP-10192,CLM-00723,Fiyaz,,Hegde,Fiyaz Hegde,97178507225,joshua43@outlook.co.in,M,1972-01-13,AADHAR-6069-1635-6655,MEM-10011
TP-10193,CLM-00724,Tara,,Krishnan,Tara Krishnan,98864802691,tara97@outlook.co.in,F,1950-05-02,UID-542206997218,
TP-10194,CLM-00729,Saanvi,,Bala,Saanvi Bala,99611832278,saanvi71@outlook.co.in,F,1994-09-21,UID-899688124002,
TP-10195,CLM-00730,Aarush,,Bobal,Aarush Bobal,98902020009,aarush62@gmail.com,M,1961-11-08,UID-263217751017,
TP-10196,CLM-00732,Vritti,,Barad,Vritti Barad,99933936417,vritti39@live.com,F,1964-12-11,UID-960419542172,
TP-10197,CLM-00738,Rehaan,,Nair,Rehaan Nair,97090741831,rehaan64@live.com,M,1987-04-12,VOTER-A321422,MEM-10603
TP-10198,CLM-00742,Isha,,Bumb,Isha Bumb,98417840100,isha95@gmail.com,F,1966-03-28,AADHAR-7222-2073-7668,
TP-10199,CLM-00746,Eta,,Chakraborty,Eta Chakraborty,98694490980,eta39@rediffmail.com,F,1992-01-23,AADHAR-6522-6953-5770,
TP-10200,CLM-00752,Darpan,,Swamy,Darpan Swamy,99780821243,darpan64@outlook.co.in,M,1959-11-21,VOTER-A578604,
TP-10201,CLM-00756,Aarna,,Pandey,Aarna Pandey,97594824112,aarna50@gmail.com,F,1991-10-31,UID-577006657465,
TP-10202,CLM-00757,Sudiksha,,Mody,Sudiksha Mody,98690372950,sudiksha87@rediffmail.com,F,1990-07-03,VOTER-E755867,MEM-11317
TP-10203,CLM-00760,Brijesh,,Shah,Brijesh Shah,97575590263,brijesh67@outlook.co.in,M,1984-06-25,UID-683861754055,
TP-10204,CLM-00767,Jeevika,,Kashyap,Jeevika Kashyap,97227689780,jeevika18@outlook.co.in,F,1995-11-01,VOTER-B226386,
TP-10205,CLM-00772,Victor,,Pillai,Victor Pillai,98673555599,victor27@hotmail.com,M,1998-05-08,VOTER-A370113,MEM-10906
TP-10206,CLM-00775,Sanya,,Warrior,Sanya Warrior,97123217866,sanya26@hotmail.com,F,1963-07-02,VOTER-D823171,
TP-10207,CLM-00777,Aradhana,,Rama,Aradhana Rama,97189211294,aradhana63@yahoo.com,F,1989-07-18,VOTER-C912695,MEM-11120
TP-10208,CLM-00779,Ronith,,Sant,Ronith Sant,99343789544,ronith74@hotmail.com,M,1987-04-13,AADHAR-9248-7636-3547,
TP-10209,CLM-00782,Megha,,Bhatnagar,Megha Bhatnagar,99939188992,megha11@yahoo.com,F,1969-02-05,VOTER-C621399,
TP-10210,CLM-00783,Warjas,,Sundaram,Warjas Sundaram,99787445945,warjas46@yahoo.com,M,1956-10-16,VOTER-A863052,
TP-10211,CLM-00785,Mahika,,Ravel,Mahika Ravel,97458720664,mahika32@rediffmail.com,F,1992-11-21,UID-938755312796,MEM-10533
TP-10212,CLM-00786,David,,Gade,David Gade,99291089287,david81@hotmail.com,M,1988-02-01,AADHAR-1170-6252-2326,MEM-12548
TP-10213,CLM-00788,Bhavini,,Sethi,Bhavini Sethi,97940771150,bhavini20@gmail.com,F,1968-10-24,AADHAR-7456-5056-1522,
TP-10214,CLM-00792,Manbir,,Gole,Manbir Gole,99132095873,manbir10@hotmail.com,M,1954-12-13,UID-534691859445,
TP-10215,CLM-00794,Patrick,,Deshmukh,Patrick Deshmukh,97469436822,patrick86@live.com,M,1992-07-26,VOTER-E651418,
TP-10216,CLM-00795,Gautam,,Mahajan,Gautam Mahajan,98252384709,gautam66@yahoo.com,M,1997-01-13,VOTER-C521133,
TP-10217,CLM-00797,Azaan,,Chana,Azaan Chana,98345938446,azaan90@rediffmail.com,M,1961-09-19,AADHAR-2172-6192-2376,
TP-10218,CLM-00798,Kiaan,,Dhar,Kiaan Dhar,98902076726,kiaan58@hotmail.com,M,1986-12-05,AADHAR-4093-3148-3969,MEM-13071
TP-10219,CLM-00801,Krisha,,Subramaniam,Krisha Subramaniam,98959650157,krisha72@live.com,F,1984-07-16,AADHAR-4789-7250-6878,
TP-10220,CLM-00803,Vanya,,Deo,Vanya Deo,98910892388,vanya66@outlook.co.in,F,1982-08-31,UID-587091901506,MEM-10685
TP-10221,CLM-00804,Barkha,,Jhaveri,Barkha Jhaveri,99674445010,barkha47@yahoo.com,F,2007-02-10,AADHAR-1335-3775-1557,
TP-10222,CLM-00806,Harsh,,Shanker,Harsh Shanker,97104119178,harsh22@hotmail.com,M,2000-05-29,AADHAR-9237-5484-1940,MEM-10813
TP-10223,CLM-00807,Chaitaly,,Jha,Chaitaly Jha,97591991591,chaitaly96@live.com,F,1973-02-09,AADHAR-4820-3972-9718,
TP-10224,CLM-00808,Theodore,,Samra,Theodore Samra,99831923894,theodore31@outlook.co.in,M,1962-07-06,UID-564667580068,
TP-10225,CLM-00812,Varsha,,Savant,Varsha Savant,97570737705,varsha23@live.com,F,1987-03-22,VOTER-A491284,MEM-11920
TP-10226,CLM-00814,Atharv,,Guha,Atharv Guha,98674157630,atharv87@yahoo.com,M,2004-05-23,AADHAR-1415-8515-9875,
TP-10227,CLM-00817,Gunbir,,Ram,Gunbir Ram,98169222648,gunbir98@hotmail.com,M,1974-08-14,AADHAR-4902-7181-1496,MEM-12346
TP-10228,CLM-00827,Nathan,,Subramanian,Nathan Subramanian,99025839062,nathan82@rediffmail.com,M,1993-01-02,UID-244321663587,
TP-10229,CLM-00833,George,,Mukherjee,George Mukherjee,98083584046,george45@outlook.co.in,M,1997-08-15,VOTER-C593499,
TP-10230,CLM-00850,Dhruv,,Narain,Dhruv Narain,97827847444,dhruv59@outlook.co.in,M,1964-09-02,AADHAR-4207-3110-6955,
TP-10231,CLM-00851,Pallavi,,Sahota,Pallavi Sahota,97547208711,pallavi46@rediffmail.com,F,1986-11-06,AADHAR-7772-5500-8754,
TP-10232,CLM-00852,Ishita,,Sant,Ishita Sant,99688993229,ishita16@rediffmail.com,F,1961-08-22,AADHAR-7689-3900-7502,
TP-10233,CLM-00853,Matthew,,Manda,Matthew Manda,99580733951,matthew31@live.com,M,2003-01-31,VOTER-B326010,
TP-10234,CLM-00854,Harish,,Sabharwal,Harish Sabharwal,99560318481,harish20@hotmail.com,M,1951-05-02,UID-925286354421,
TP-10235,CLM-00858,Dayita,,Tailor,Dayita Tailor,98527499828,dayita65@rediffmail.com,F,1965-11-03,UID-533795349242,MEM-10660
TP-10236,CLM-00860,Atharv,,Mitter,Atharv Mitter,98106863988,atharv92@live.com,M,1991-02-19,UID-722069123076,
TP-10237,CLM-00861,Vedhika,,Talwar,Vedhika Talwar,97998308941,vedhika75@live.com,F,1982-12-24,AADHAR-2920-2876-8274,MEM-10440
TP-10238,CLM-00866,Osha,,Setty,Osha Setty,99167360455,osha22@live.com,F,2005-12-01,VOTER-A847090,MEM-11496
TP-10239,CLM-00867,Ishaan,,Butala,Ishaan Butala,98195255385,ishaan44@gmail.com,M,1951-07-14,AADHAR-2913-1152-3066,
TP-10240,CLM-00868,Ganga,,Shere,Ganga Shere,99465326626,ganga53@gmail.com,F,1979-01-15,VOTER-A504151,
TP-10241,CLM-00870,Abha,,Chaudhry,Abha Chaudhry,98372500079,abha13@yahoo.com,F,2004-08-02,UID-382641970092,MEM-12042
TP-10242,CLM-00871,Abeer,,Varty,Abeer Varty,97977603583,abeer31@gmail.com,M,2000-09-27,UID-866819185328,
TP-10243,CLM-00872,Ekavir,,Bora,Ekavir Bora,99597640542,ekavir69@live.com,M,2004-11-08,VOTER-B961030,
TP-10244,CLM-00878,Pranav,,Vora,Pranav Vora,99877602190,pranav95@rediffmail.com,M,1965-08-16,UID-559461306652,MEM-12395
TP-10245,CLM-00882,Eiravati,,Nori,Eiravati Nori,98084506155,eiravati23@outlook.co.in,F,1997-11-21,VOTER-B275351,
TP-10246,CLM-00890,David,,Jaggi,David Jaggi,97237410369,david15@rediffmail.com,M,1971-09-06,VOTER-C582087,
TP-10247,CLM-00891,Gautami,,Dar,Gautami Dar,99104089151,gautami11@gmail.com,F,1954-10-07,VOTER-D419852,
TP-10248,CLM-00894,Varsha,,Madan,Varsha Madan,97191131829,varsha41@hotmail.com,F,1979-07-20,UID-939072131143,
TP-10249,CLM-00898,Aishani,,Dhaliwal,Aishani Dhaliwal,98822002968,aishani19@gmail.com,F,1987-11-06,UID-212918851433,MEM-11198
TP-10250,CLM-00912,Tanvi,,Hayre,Tanvi Hayre,97515839896,tanvi75@gmail.com,F,2007-08-19,UID-925322818988,MEM-10029
TP-10251,CLM-00915,Yug,,Jhaveri,Yug Jhaveri,98782256699,yug87@live.com,M,1974-11-20,VOTER-D679065,
TP-10252,CLM-00917,Ronith,,Manda,Ronith Manda,99753859107,ronith26@outlook.co.in,M,2004-03-25,VOTER-A610976,
TP-10253,CLM-00921,Yadavi,,More,Yadavi More,99122787703,yadavi80@gmail.com,F,1959-01-11,UID-344095729645,
TP-10254,CLM-00928,Imaran,,Mann,Imaran Mann,98671998097,imaran48@hotmail.com,M,1991-02-21,AADHAR-2735-3758-8523,
TP-10255,CLM-00930,Ekani,,Brahmbhatt,Ekani Brahmbhatt,97901152216,ekani15@hotmail.com,F,1950-12-14,UID-326005720805,
TP-10256,CLM-00933,Joshua,,Buch,Joshua Buch,99680321662,joshua10@yahoo.com,M,2004-10-27,VOTER-D547061,MEM-10619
TP-10257,CLM-00953,Samuel,,Batta,Samuel Batta,99109825974,samuel61@live.com,M,1968-06-23,UID-315278042270,
TP-10258,CLM-00956,Timothy,,Sabharwal,Timothy Sabharwal,99460981430,timothy12@yahoo.com,M,1993-10-29,AADHAR-2833-4725-5706,
TP-10259,CLM-00962,Lajita,,Kuruvilla,Lajita Kuruvilla,99996287960,lajita23@gmail.com,F,1966-11-27,UID-937704196834,
TP-10260,CLM-00964,Ishanvi,,Gour,Ishanvi Gour,98030743561,ishanvi14@hotmail.com,F,2001-08-13,AADHAR-2644-4311-5599,
TP-10261,CLM-00968,Harsh,,Setty,Harsh Setty,98683523314,harsh21@gmail.com,M,1955-10-22,UID-470998282858,
TP-10262,CLM-00972,Ekalinga,,Chand,Ekalinga Chand,97598252667,ekalinga36@gmail.com,M,1972-05-20,AADHAR-2747-6939-6432,MEM-12252
TP-10263,CLM-00985,Ishani,,Goel,Ishani Goel,98303227350,ishani53@rediffmail.com,F,1963-08-08,UID-583120743684,MEM-11247
TP-10264,CLM-00992,Rehaan,,Kata,Rehaan Kata,99406721912,rehaan85@outlook.co.in,M,1993-05-10,AADHAR-4285-2986-8693,
TP-10265,CLM-00997,Vamakshi,,Korpal,Vamakshi Korpal,98724683522,vamakshi52@hotmail.com,F,1961-12-14,AADHAR-7740-4407-8374,
TP-10266,CLM-01002,Rohan,,Jayaraman,Rohan Jayaraman,97533064627,rohan55@live.com,M,1970-11-08,VOTER-B265076,
TP-10267,CLM-01004,Triya,,Barad,Triya Barad,97962667375,triya77@hotmail.com,F,1968-12-05,UID-752498162046,MEM-10778
TP-10268,CLM-01008,Jagat,,Basak,Jagat Basak,97103237139,jagat58@rediffmail.com,M,2003-09-01,AADHAR-4845-4349-9660,
TP-10269,CLM-01015,Gagan,,Bhasin,Gagan Bhasin,99603030258,gagan75@rediffmail.com,M,1962-01-06,VOTER-C526388,
TP-10270,CLM-01021,Yashoda,,Amble,Yashoda Amble,99646627058,yashoda69@live.com,F,1985-01-29,AADHAR-2530-1925-3637,MEM-11341
TP-10271,CLM-01022,Fiyaz,,Bhargava,Fiyaz Bhargava,98421655014,fiyaz74@hotmail.com,M,1986-08-15,VOTER-E291507,MEM-12841
TP-10272,CLM-01023,Karan,,Hari,Karan Hari,98337144847,karan53@yahoo.com,M,2002-12-01,AADHAR-6326-3675-8552,
TP-10273,CLM-01027,Bhavani,,Khosla,Bhavani Khosla,99471211592,bhavani70@gmail.com,F,1985-03-20,UID-282309883680,
TP-10274,CLM-01028,Mohammed,,Majumdar,Mohammed Majumdar,97469832998,mohammed27@yahoo.com,M,1994-02-04,VOTER-E223823,
TP-10275,CLM-01030,Upasna,,Dalal,Upasna Dalal,98406088647,upasna71@hotmail.com,F,1991-09-28,AADHAR-8123-1690-8117,
TP-10276,CLM-01032,Matthew,,Narayan,Matthew Narayan,98085741889,matthew97@outlook.co.in,M,1965-07-15,VOTER-E976008,
TP-10277,CLM-01034,Charita,,Chatterjee,Charita Chatterjee,98143346664,charita35@yahoo.com,F,1998-08-15,AADHAR-2099-8178-8982,
TP-10278,CLM-01036,Ayushman,,Bala,Ayushman Bala,99403260920,ayushman21@outlook.co.in,M,2006-11-24,UID-907377524101,
TP-10279,CLM-01040,Sai,,Shetty,Sai Shetty,99373884811,sai21@gmail.com,F,2007-02-15,AADHAR-3391-6885-2355,
TP-10280,CLM-01042,Agastya,,Samra,Agastya Samra,99950183387,agastya28@gmail.com,M,1986-10-03,AADHAR-9203-7992-1247,
TP-10281,CLM-01043,Sneha,,Sawhney,Sneha Sawhney,99495843311,sneha25@live.com,F,1977-01-02,VOTER-E621241,MEM-10911
TP-10282,CLM-01053,Brijesh,,Sundaram,Brijesh Sundaram,98329109264,brijesh69@live.com,M,1984-04-12,VOTER-D707864,
TP-10283,CLM-01063,Jonathan,,Hayer,Jonathan Hayer,99894468027,jonathan85@gmail.com,M,1969-10-18,UID-368533816696,
TP-10284,CLM-01064,Kamya,,Tandon,Kamya Tandon,99814678744,kamya32@outlook.co.in,F,1989-09-18,VOTER-A589207,MEM-13097
TP-10285,CLM-01065,Bimala,,Gupta,Bimala Gupta,99782612306,bimala43@hotmail.com,F,1985-12-07,AADHAR-8082-2789-4013,
TP-10286,CLM-01067,Kalpit,,Chanda,Kalpit Chanda,97230597818,kalpit35@hotmail.com,M,1986-04-16,AADHAR-1332-1786-4740,
TP-10287,CLM-01068,Falan,,Rana,Falan Rana,99144204758,falan36@yahoo.com,M,1976-10-04,AADHAR-6758-8021-8664,MEM-12319
TP-10288,CLM-01070,Mohini,,Chander,Mohini Chander,99438140478,mohini55@outlook.co.in,F,2002-12-21,AADHAR-7777-1142-6285,MEM-13156
TP-10289,CLM-01071,Guneet,,Chaudhry,Guneet Chaudhry,98899111103,guneet21@outlook.co.in,M,1982-10-21,AADHAR-4964-4328-7944,MEM-11177
TP-10290,CLM-01072,Nihal,,Wadhwa,Nihal Wadhwa,97940736215,nihal12@yahoo.com,M,1964-07-23,AADHAR-7598-4513-2676,
TP-10291,CLM-01077,Ayush,,Pillai,Ayush Pillai,98117614941,ayush74@yahoo.com,M,1950-04-07,UID-925990261585,
TP-10292,CLM-01080,Laksh,,More,Laksh More,97464761875,laksh21@rediffmail.com,M,1975-06-18,AADHAR-7888-6471-7436,
TP-10293,CLM-01082,Reva,,Jain,Reva Jain,98659980297,reva42@rediffmail.com,F,2007-09-03,AADHAR-9095-2787-2016,MEM-12066
TP-10294,CLM-01083,Vincent,,Raj,Vincent Raj,98052323586,vincent99@hotmail.com,M,1953-04-25,AADHAR-9244-9744-6447,
TP-10295,CLM-01087,Vansha,,Lala,Vansha Lala,98403127540,vansha14@hotmail.com,F,1996-08-06,UID-841033958132,
TP-10296,CLM-01094,Oviya,,Nair,Oviya Nair,99446449253,oviya83@live.com,F,1951-02-27,AADHAR-5100-4451-7291,
TP-10297,CLM-01095,Krishna,,Nair,Krishna Nair,97609390003,krishna70@outlook.co.in,M,1970-02-14,AADHAR-2216-6477-5694,
TP-10298,CLM-01097,Adweta,,Hegde,Adweta Hegde,98182005550,adweta48@gmail.com,F,1982-08-27,UID-795950425874,
TP-10299,CLM-01102,Harshil,,Barman,Harshil Barman,98016351166,harshil87@outlook.co.in,M,1950-11-07,VOTER-B999096,
TP-10300,CLM-01103,Shivani,,Baria,Shivani Baria,99202971653,shivani48@yahoo.com,F,1971-02-09,UID-320644082460,
TP-10301,CLM-01104,Pratyush,,Vala,Pratyush Vala,99060538754,pratyush53@live.com,M,1962-05-14,AADHAR-7525-9714-6479,
TP-10302,CLM-01105,Nakul,,Das,Nakul Das,98742245785,nakul98@hotmail.com,M,1978-02-10,UID-235184443905,
TP-10303,CLM-01109,Kevin,,Bhatt,Kevin Bhatt,98340710912,kevin12@gmail.com,M,1982-08-23,AADHAR-3081-9847-7519,
TP-10304,CLM-01110,Bishakha,,Shroff,Bishakha Shroff,98623296871,bishakha16@gmail.com,F,1955-02-28,VOTER-C329585,
TP-10305,CLM-01111,Alka,,Dass,Alka Dass,97013666301,alka88@rediffmail.com,F,1982-05-08,AADHAR-8092-3155-3775,MEM-11720
TP-10306,CLM-01112,Oviya,,Rege,Oviya Rege,97249523927,oviya62@outlook.co.in,F,1952-03-27,AADHAR-4392-5903-1035,
TP-10307,CLM-01118,Elijah,,Pant,Elijah Pant,98802038737,elijah73@gmail.com,M,1966-11-19,AADHAR-1380-4173-4112,
TP-10308,CLM-01119,Champak,,Balasubramanian,Champak Balasubramanian,99617703237,champak30@rediffmail.com,M,1969-08-25,VOTER-B259221,
TP-10309,CLM-01124,Widisha,,Palla,Widisha Palla,98900554031,amrita13@outlook.co.in,F,2001-05-21,UID-799187529363,
TP-10310,CLM-01125,Widisha,,Radhakrishnan,Widisha Radhakrishnan,97970193529,widisha85@hotmail.com,F,1990-12-19,AADHAR-9898-1204-9235,MEM-12905
TP-10311,CLM-01127,Jason,,Sankaran,Jason Sankaran,99120927727,jason88@gmail.com,M,1980-09-04,VOTER-A710087,
TP-10312,CLM-01129,Nathan,,Konda,Nathan Konda,99177441926,nathan69@outlook.co.in,M,2005-09-29,UID-301619927789,
TP-10313,CLM-01132,Janya,,Aurora,Janya Aurora,97291386050,janya69@rediffmail.com,F,1979-02-16,VOTER-A350742,
TP-10314,CLM-01134,Sai,,Khurana,Sai Khurana,99475617775,sai95@gmail.com,M,1960-07-20,UID-509494937940,MEM-11607
TP-10315,CLM-01137,Ekantika,,Sampath,Ekantika Sampath,98400461909,ekantika48@live.com,F,2005-04-01,VOTER-D755634,MEM-10560
TP-10316,CLM-01138,Yatan,,Kade,Yatan Kade,97660693775,yatan56@outlook.co.in,M,1992-05-10,VOTER-A922307,MEM-12893
TP-10317,CLM-01139,Jason,,Raja,Jason Raja,98408085403,jason43@live.com,M,2001-09-02,UID-651691386187,
TP-10318,CLM-01143,Aradhana,,Muni,Aradhana Muni,99497628156,aradhana89@gmail.com,F,2001-02-05,AADHAR-9301-1429-5944,
TP-10319,CLM-01145,Nisha,,Sachar,Nisha Sachar,99071364856,nisha83@hotmail.com,F,1971-12-20,UID-932174178206,
TP-10320,CLM-01149,Tanveer,,Khalsa,Tanveer Khalsa,97188785372,tanveer97@outlook.co.in,M,1963-09-13,VOTER-A583220,
TP-10321,CLM-01151,Abdul,,Krish,Abdul Krish,98388414548,abdul70@gmail.com,M,2007-02-13,AADHAR-3045-2497-5768,MEM-11560
TP-10322,CLM-01153,Pratyush,,Sane,Pratyush Sane,97519833657,pratyush96@hotmail.com,M,1998-04-11,UID-874597213401,
TP-10323,CLM-01156,Siddharth,,Mani,Siddharth Mani,97041850438,siddharth82@gmail.com,M,1995-09-14,UID-268405028230,
TP-10324,CLM-01166,Varsha,,Chand,Varsha Chand,98840908318,varsha50@outlook.co.in,F,1974-04-30,AADHAR-6186-6913-8760,MEM-12777
TP-10325,CLM-01167,Henry,,Pall,Henry Pall,97836070912,henry71@live.com,M,1960-09-09,UID-858821856870,
TP-10326,CLM-01170,Alka,,Tella,Alka Tella,98808883611,alka75@live.com,F,1980-01-15,AADHAR-7010-1310-7594,MEM-12248
TP-10327,CLM-01171,Watika,,Pillay,Watika Pillay,97461034974,watika94@yahoo.com,F,1955-09-22,VOTER-A475496,
TP-10328,CLM-01178,William,,Kari,William Kari,99611892098,william63@outlook.co.in,M,2001-10-31,UID-723635923363,
TP-10329,CLM-01180,Theodore,,Vig,Theodore Vig,98498666760,theodore57@rediffmail.com,M,2001-12-21,VOTER-D719050,
TP-10330,CLM-01181,Tristan,,Sem,Tristan Sem,98931740626,tristan72@rediffmail.com,M,1985-02-27,VOTER-D806400,
TP-10331,CLM-01183,Frado,,Kakar,Frado Kakar,98408272147,frado30@hotmail.com,M,1965-12-03,VOTER-B246693,MEM-10297
TP-10332,CLM-01187,Jagrati,,Bedi,Jagrati Bedi,99046796777,jagrati91@live.com,F,1971-04-24,UID-516033054154,
TP-10333,CLM-01197,Neha,,Sampath,Neha Sampath,99098289497,neha37@live.com,F,1974-12-30,AADHAR-7014-2599-4935,
TP-10334,CLM-01201,Widisha,,Wable,Widisha Wable,97371039682,widisha99@live.com,F,2006-04-18,AADHAR-2481-8189-4312,
TP-10335,CLM-01204,Xavier,,Tella,Xavier Tella,97475337029,xavier93@rediffmail.com,M,1998-02-14,VOTER-D479188,
TP-10336,CLM-01214,Saumya,,Krish,Saumya Krish,98041516749,saumya35@gmail.com,F,1995-07-08,UID-150118439481,
TP-10337,CLM-01216,Isaac,,Handa,Isaac Handa,99838385372,isaac44@gmail.com,M,1962-01-06,AADHAR-9352-6794-8551,
TP-10338,CLM-01218,Bhanumati,,Minhas,Bhanumati Minhas,99771285938,bhanumati40@yahoo.com,F,2007-09-03,VOTER-A631165,MEM-10291
TP-10339,CLM-01228,Neelima,,Aggarwal,Neelima Aggarwal,99418989423,neelima51@hotmail.com,F,2004-05-25,UID-850572944341,MEM-11076
TP-10340,CLM-01230,Faraj,,Tiwari,Faraj Tiwari,99779482885,faraj58@outlook.co.in,M,1958-11-02,AADHAR-2876-5795-2718,
TP-10341,CLM-01234,Gayathri,,Bhardwaj,Gayathri Bhardwaj,99388511062,gayathri72@live.com,F,1976-11-29,UID-512762556655,
TP-10342,CLM-01236,Naveen,,Rama,Naveen Rama,99368175233,naveen79@live.com,M,1992-05-24,VOTER-C103299,
TP-10343,CLM-01240,Aditya,,Acharya,Aditya Acharya,98432156306,aditya58@rediffmail.com,M,1950-08-17,VOTER-D922930,
TP-10344,CLM-01242,Girindra,,Tiwari,Girindra Tiwari,99459053470,girindra48@yahoo.com,M,1966-11-16,AADHAR-1442-4381-8847,
TP-10345,CLM-01247,Harshil,,Srinivas,Harshil Srinivas,98057765477,harshil74@yahoo.com,M,1994-07-28,UID-381722665189,
TP-10346,CLM-01249,Adya,,Nadig,Adya Nadig,98666029715,adya36@rediffmail.com,F,1988-07-21,AADHAR-6407-7987-9476,MEM-12575
TP-10347,CLM-01256,Hemani,,Ratta,Hemani Ratta,98368750930,hemani15@rediffmail.com,F,1960-09-08,VOTER-A959941,
TP-10348,CLM-01260,Pranit,,Aurora,Pranit Aurora,97195033407,pranit96@rediffmail.com,M,1950-01-01,VOTER-E365640,
TP-10349,CLM-01264,Tanish,,Reddy,Tanish Reddy,99580286075,tanish71@rediffmail.com,M,1999-04-24,UID-197902789736,
TP-10350,CLM-01271,Jagrati,,Deep,Jagrati Deep,99831826771,jagrati33@rediffmail.com,F,1991-11-26,AADHAR-2466-8723-4358,MEM-11024
TP-10351,CLM-01275,Hemang,,Amble,Hemang Amble,99630282903,hemang40@live.com,M,1977-04-13,AADHAR-7778-7022-9199,MEM-11378
TP-10352,CLM-01278,Kashvi,,Bala,Kashvi Bala,98063924121,kashvi92@outlook.co.in,F,1992-10-23,VOTER-D509718,
TP-10353,CLM-01281,Pushti,,Ratti,Pushti Ratti,98593898018,pushti22@outlook.co.in,F,1958-07-28,VOTER-A935221,
TP-10354,CLM-01287,Ekta,,Soni,Ekta Soni,98569250675,ekta77@gmail.com,F,1983-12-29,AADHAR-6175-6280-9205,
TP-10355,CLM-01295,Anthony,,Verma,Anthony Verma,99160528766,anthony37@gmail.com,M,1992-07-24,AADHAR-9891-6891-7664,
TP-10356,CLM-01296,Kevin,,Mitra,Kevin Mitra,99095515533,kevin52@rediffmail.com,M,1976-12-28,UID-476123426965,MEM-12022
TP-10357,CLM-01302,Niharika,,Verma,Niharika Verma,99723627987,niharika97@hotmail.com,F,1982-06-12,UID-890992103129,MEM-10499
TP-10358,CLM-01306,Lipika,,Bali,Lipika Bali,99288192190,lipika59@live.com,F,1971-02-07,UID-545504984419,MEM-10664
TP-10359,CLM-01311,Anamika,,Chawla,Anamika Chawla,97324549118,anamika95@live.com,F,1994-09-14,AADHAR-7472-7167-8054,MEM-12709
TP-10360,CLM-01312,Zehaan,,Iyengar,Zehaan Iyengar,98301231044,zehaan28@gmail.com,M,1972-04-15,AADHAR-3213-9567-9734,
TP-10361,CLM-01313,Bina,,Nadig,Bina Nadig,98894453745,bina47@hotmail.com,F,1978-12-24,AADHAR-1877-9647-9290,MEM-11481
TP-10362,CLM-01314,Deepa,,Buch,Deepa Buch,98493376222,deepa92@hotmail.com,F,2001-11-24,UID-559622265673,
TP-10363,CLM-01316,Libni,,Setty,Libni Setty,97273475011,libni38@gmail.com,F,1980-12-14,UID-856581336363,
TP-10364,CLM-01324,Dayamai,,Ramesh,Dayamai Ramesh,98486452985,dayamai95@yahoo.com,F,1978-05-25,AADHAR-1323-7325-9242,
TP-10365,CLM-01328,Om,,Nair,Om Nair,99140505093,om74@hotmail.com,M,1951-01-02,AADHAR-9464-9172-8837,
TP-10366,CLM-01331,Hiral,,Kalla,Hiral Kalla,98988042780,hiral39@outlook.co.in,F,1981-10-31,VOTER-D906167,MEM-12353
TP-10367,CLM-01332,Om,,Dua,Om Dua,98597493172,om59@hotmail.com,M,1985-12-28,VOTER-D344648,MEM-12891
TP-10368,CLM-01353,Ira,,Ghose,Ira Ghose,97344424577,ira70@outlook.co.in,F,1954-10-05,VOTER-D777110,
TP-10369,CLM-01355,Rajeshri,,Gara,Rajeshri Gara,98014875680,rajeshri68@live.com,F,1980-08-06,AADHAR-3889-6118-3922,MEM-12658
TP-10370,CLM-01358,William,,Chauhan,William Chauhan,99516230565,william78@hotmail.com,M,1954-09-29,VOTER-D508079,
TP-10371,CLM-01361,Krishna,,Naidu,Krishna Naidu,99763928698,krishna17@hotmail.com,F,1999-01-07,AADHAR-4813-3991-8599,
TP-10372,CLM-01362,Chandran,,Kadakia,Chandran Kadakia,97826091269,chandran41@yahoo.com,M,2000-05-29,VOTER-D775816,
TP-10373,CLM-01370,Darika,,Dave,Darika Dave,98881155087,darika95@gmail.com,F,1972-09-07,UID-124461844971,MEM-11359
TP-10374,CLM-01371,Ojas,,Balan,Ojas Balan,98920699788,ojas47@yahoo.com,M,2003-06-23,VOTER-E880591,
TP-10375,CLM-01376,Bhanumati,,Rout,Bhanumati Rout,99619076205,bhanumati82@rediffmail.com,F,1999-05-08,VOTER-E306814,
TP-10376,CLM-01377,Vincent,,Mand,Vincent Mand,99553592562,vincent58@outlook.co.in,M,1950-11-30,VOTER-A707564,
TP-10377,CLM-01386,Darpan,,Krish,Darpan Krish,99265450137,darpan33@hotmail.com,M,1974-09-25,VOTER-A104024,MEM-12491
TP-10378,CLM-01387,Leena,,Kamdar,Leena Kamdar,97650718754,leena39@gmail.com,F,2004-10-10,AADHAR-6134-6203-7546,
TP-10379,CLM-01388,Gaurangi,,Prakash,Gaurangi Prakash,97921313598,gaurangi64@hotmail.com,F,1970-06-09,VOTER-C442436,
TP-10380,CLM-01392,Shivani,,Jha,Shivani Jha,98118737726,shivani71@gmail.com,F,1971-09-10,UID-230182378177,
TP-10381,CLM-01398,Frado,,Sachdev,Frado Sachdev,99218041243,frado78@gmail.com,M,1962-05-25,VOTER-A902482,MEM-11071
TP-10382,CLM-01399,Madhav,,Dash,Madhav Dash,98502765848,madhav37@yahoo.com,M,1967-10-25,AADHAR-5976-1990-9426,
TP-10383,CLM-01402,Xiti,,Gola,Xiti Gola,99758005935,xiti16@yahoo.com,F,2001-12-18,VOTER-E763656,MEM-10022
TP-10384,CLM-01404,Hiral,,Apte,Hiral Apte,98103646744,hiral74@live.com,F,1969-07-16,VOTER-A897041,MEM-10199
TP-10385,CLM-01405,Advay,,Bahri,Advay Bahri,98185416332,advay91@rediffmail.com,M,1996-07-05,VOTER-E306053,
TP-10386,CLM-01406,Nathan,,Chatterjee,Nathan Chatterjee,99428827546,nathan43@gmail.com,M,1982-03-31,VOTER-C192045,
TP-10387,CLM-01408,Arunima,,Sankar,Arunima Sankar,98646762770,arunima73@yahoo.com,F,1978-09-02,AADHAR-5156-5077-9418,
TP-10388,CLM-01409,Krish,,Choudhury,Krish Choudhury,99914629778,krish11@rediffmail.com,M,1964-01-24,AADHAR-7579-1203-9031,MEM-13190
TP-10389,CLM-01410,Zehaan,,Kothari,Zehaan Kothari,98376002528,zehaan38@live.com,M,1965-08-17,AADHAR-9243-1807-4567,
TP-10390,CLM-01411,Jack,,Sood,Jack Sood,99113072585,jack53@yahoo.com,M,1959-11-27,UID-859643272660,
TP-10391,CLM-01422,Gagan,,Sabharwal,Gagan Sabharwal,99631744123,gagan56@hotmail.com,M,1950-12-25,VOTER-D960579,
TP-10392,CLM-01428,Champak,,Tank,Champak Tank,97661438160,champak32@gmail.com,M,1983-12-23,AADHAR-8867-5164-4379,
TP-10393,CLM-01431,Harinakshi,,Mukherjee,Harinakshi Mukherjee,97299454334,harinakshi49@hotmail.com,F,1974-06-08,AADHAR-5519-3479-6805,
TP-10394,CLM-01435,Rushil,,Manda,Rushil Manda,99141631922,rushil95@outlook.co.in,M,1997-08-21,VOTER-D324729,
TP-10395,CLM-01436,Abhimanyu,,Raj,Abhimanyu Raj,98301375465,abhimanyu78@live.com,M,1953-10-11,VOTER-A240962,
TP-10396,CLM-01437,Jalsa,,Chand,Jalsa Chand,97160233883,jalsa42@gmail.com,F,2000-06-10,UID-193410222507,
TP-10397,CLM-01443,Kamya,,Soman,Kamya Soman,98218928983,kamya70@gmail.com,F,1992-11-04,UID-256713598638,
TP-10398,CLM-01444,Nicholas,,Som,Nicholas Som,99480666288,nicholas77@outlook.co.in,M,1966-12-21,VOTER-B691335,
TP-10399,CLM-01445,Joshua,,Srinivasan,Joshua Srinivasan,98109947852,joshua73@gmail.com,M,1989-08-16,VOTER-B953723,
TP-10400,CLM-01446,Lucky,,Andra,Lucky Andra,99085304861,lucky86@live.com,M,1961-10-02,UID-881915960490,
TP-10401,CLM-01447,Bakhshi,,Handa,Bakhshi Handa,99224104246,bakhshi42@yahoo.com,M,1973-07-01,AADHAR-1544-2741-7987,
TP-10402,CLM-01448,Deepa,,Hegde,Deepa Hegde,98950332443,deepa45@rediffmail.com,F,2001-09-27,AADHAR-6738-3406-8432,
TP-10403,CLM-01454,Dipta,,Talwar,Dipta Talwar,98939139457,dipta41@live.com,F,1999-12-25,AADHAR-7885-8847-8908,MEM-13170
TP-10404,CLM-01456,Jai,,Muni,Jai Muni,99694963493,jai89@gmail.com,M,2002-09-04,UID-434342872339,MEM-10059
TP-10405,CLM-01460,Yash,,Patla,Yash Patla,98189301390,yash14@rediffmail.com,M,1998-09-29,VOTER-D200136,
TP-10406,CLM-01462,Adya,,Kata,Adya Kata,98104236266,adya53@outlook.co.in,F,1983-03-16,UID-291802085478,MEM-11087
TP-10407,CLM-01464,Gaurangi,,Saha,Gaurangi Saha,98274826130,gaurangi47@hotmail.com,F,1981-03-12,VOTER-E754125,
TP-10408,CLM-01467,Nicholas,,Karnik,Nicholas Karnik,98083272247,nicholas16@rediffmail.com,M,1961-03-02,AADHAR-9212-1172-5677,MEM-11429
TP-10409,CLM-01471,Garima,,Panchal,Garima Panchal,99026052596,garima52@rediffmail.com,F,1958-03-18,AADHAR-4905-6186-9448,
TP-10410,CLM-01483,Frederick,,Upadhyay,Frederick Upadhyay,97843673911,frederick71@outlook.co.in,M,1999-03-30,UID-129004289110,
TP-10411,CLM-01484,Nirja,,Chakrabarti,Nirja Chakrabarti,98433202758,nirja16@gmail.com,F,1977-03-11,UID-677887270570,
TP-10412,CLM-01497,Rishi,,Guha,Rishi Guha,97269017304,rishi29@gmail.com,M,1972-10-02,AADHAR-3447-4062-9285,
TP-10413,CLM-01500,Wahab,,Agrawal,Wahab Agrawal,97980274107,wahab60@gmail.com,M,1956-08-15,AADHAR-2608-4258-8993,
TP-10414,CLM-01512,Kamya,,Kaur,Kamya Kaur,97362804116,kamya99@live.com,F,1968-04-04,AADHAR-4517-2729-5243,
TP-10415,CLM-01523,Mitesh,,Singh,Mitesh Singh,98515513720,mitesh72@live.com,M,1997-11-14,UID-642659225402,
TP-10416,CLM-01528,Samar,,Krishnan,Samar Krishnan,98358670813,samar81@outlook.co.in,M,1962-04-29,VOTER-E829480,MEM-13349
TP-10417,CLM-01533,Kevin,,Kala,Kevin Kala,99284316302,kevin33@gmail.com,M,1959-07-04,UID-240437971820,
TP-10418,CLM-01543,Gaurangi,,Dasgupta,Gaurangi Dasgupta,99892330429,gaurangi65@rediffmail.com,F,1979-03-07,VOTER-C927593,MEM-13489
TP-10419,CLM-01545,Abhimanyu,,Issac,Abhimanyu Issac,98893476541,abhimanyu85@outlook.co.in,M,1956-04-13,VOTER-E873220,
TP-10420,CLM-01546,Anthony,,Ramachandran,Anthony Ramachandran,99806376349,anthony83@live.com,M,1956-10-13,VOTER-E310538,
TP-10421,CLM-01548,Yutika,,Yadav,Yutika Yadav,99545714524,yutika22@live.com,F,1970-01-28,UID-225647499848,
TP-10422,CLM-01549,Mitesh,,Loke,Mitesh Loke,98926250366,mitesh38@hotmail.com,M,1952-04-18,VOTER-A350254,
TP-10423,CLM-01554,Inaya,,Kannan,Inaya Kannan,97727357237,inaya55@live.com,F,1997-12-06,UID-625506051655,MEM-11264
TP-10424,CLM-01555,Jason,,Sarraf,Jason Sarraf,97808118531,jason94@outlook.co.in,M,1983-02-01,VOTER-D608907,
TP-10425,CLM-01557,Abha,,Chada,Abha Chada,99644882634,abha46@live.com,F,2004-10-28,UID-786795668884,
TP-10426,CLM-01565,Pratyush,,Chokshi,Pratyush Chokshi,99726943870,pratyush56@live.com,M,1988-10-14,VOTER-B462514,MEM-12454
TP-10427,CLM-01573,Isaac,,Sampath,Isaac Sampath,97141331946,isaac87@hotmail.com,M,1984-12-08,VOTER-C392383,
TP-10428,CLM-01575,Fiyaz,,Hegde,Fiyaz Hegde,99643346239,arunima23@yahoo.com,M,1972-01-13,AADHAR-6069-1635-6655,MEM-10011
TP-10429,CLM-01578,Falak,,Tandon,Falak Tandon,98455180329,falak21@outlook.co.in,F,1977-10-13,UID-436743855773,
TP-10430,CLM-01579,Kala,,Chandran,Kala Chandran,97373735740,kala88@yahoo.com,F,1960-11-17,VOTER-D573605,
TP-10431,CLM-01583,Yashasvi,,Bala,Yashasvi Bala,99712915449,yashasvi19@yahoo.com,F,1973-08-22,VOTER-D486511,
TP-10432,CLM-01589,Madhavi,,Yohannan,Madhavi Yohannan,99341221726,madhavi46@yahoo.com,F,1968-09-17,AADHAR-4466-8337-2294,
TP-10433,CLM-01590,Darsh,,Rajagopalan,Darsh Rajagopalan,97912848310,darsh79@outlook.co.in,M,1982-10-30,AADHAR-9715-3607-4611,
TP-10434,CLM-01597,Reyansh,,Khare,Reyansh Khare,98250873895,reyansh90@yahoo.com,M,1992-06-12,AADHAR-8797-2498-6764,
TP-10435,CLM-01603,Wazir,,Patel,Wazir Patel,98094264112,wazir13@outlook.co.in,M,2007-09-22,UID-231580224911,
TP-10436,CLM-01607,Chandani,,Banik,Chandani Banik,97774725746,chandani71@yahoo.com,F,1961-11-09,UID-214741032399,MEM-12803
TP-10437,CLM-01608,Sai,,Murthy,Sai Murthy,98389602406,sai71@gmail.com,M,1960-12-14,AADHAR-4596-4318-2527,
TP-10438,CLM-01616,Meghana,,Sur,Meghana Sur,99487691165,meghana39@live.com,F,1994-01-22,AADHAR-8233-3750-5261,
TP-10439,CLM-01619,Pushti,,De,Pushti De,97752564138,pushti88@outlook.co.in,F,1964-05-04,UID-934698789609,MEM-12420
TP-10440,CLM-01620,Vivaan,,Krish,Vivaan Krish,99035865079,vivaan89@gmail.com,M,1959-08-29,AADHAR-5949-3926-4679,
TP-10441,CLM-01627,Harsh,,Sheth,Harsh Sheth,97337199171,harsh47@hotmail.com,M,1980-10-10,UID-637113857036,
TP-10442,CLM-01634,Nikita,,Morar,Nikita Morar,99046829781,nikita48@hotmail.com,F,1977-07-12,VOTER-D131141,MEM-11300
TP-10443,CLM-01636,Ishaan,,Memon,Ishaan Memon,98781211409,ishaan41@yahoo.com,M,1965-10-17,AADHAR-2431-8657-2719,
TP-10444,CLM-01642,Krishna,,Nayar,Krishna Nayar,99322892424,krishna59@live.com,F,1960-08-25,UID-963652636753,MEM-11303
TP-10445,CLM-01643,Vansha,,Thaman,Vansha Thaman,99809333384,vansha15@outlook.co.in,F,2000-01-28,AADHAR-6435-7595-7194,
TP-10446,CLM-01648,Ishanvi,,Bumb,Ishanvi Bumb,99602632645,ishanvi99@outlook.co.in,F,1952-02-04,VOTER-E406998,
TP-10447,CLM-01650,Vasudha,,Chana,Vasudha Chana,98007496091,vasudha49@hotmail.com,F,1973-08-27,VOTER-A318227,
TP-10448,CLM-01657,Kavya,,Chowdhury,Kavya Chowdhury,99759736030,kavya14@live.com,F,1965-03-28,AADHAR-8253-3629-1418,MEM-11942
TP-10449,CLM-01664,Watika,,Keer,Watika Keer,97301014785,watika70@live.com,F,1999-06-19,VOTER-B940435,
TP-10450,CLM-01665,Akshay,,Sangha,Akshay Sangha,99277484168,akshay33@yahoo.com,M,2003-02-27,VOTER-A879820,
TP-10451,CLM-01667,George,,Goyal,George Goyal,99625157937,george47@yahoo.com,M,1971-09-02,VOTER-C425072,MEM-10711
TP-10452,CLM-01668,Kabir,,Kannan,Kabir Kannan,99183937022,kabir71@gmail.com,M,1984-10-07,VOTER-B671317,
TP-10453,CLM-01672,Neha,,Mutti,Neha Mutti,98875994252,neha38@live.com,F,2001-04-25,VOTER-C126019,MEM-13355
TP-10454,CLM-01685,Lohit,,Som,Lohit Som,99781398368,lohit14@gmail.com,M,1970-11-15,UID-623168958886,MEM-13221
TP-10455,CLM-01693,Omaja,,Upadhyay,Omaja Upadhyay,98065681749,omaja19@outlook.co.in,F,2001-09-25,UID-927500847529,
TP-10456,CLM-01698,Charvi,,Iyengar,Charvi Iyengar,98585825225,charvi96@live.com,F,1990-05-29,UID-473144985398,
TP-10457,CLM-01702,Hredhaan,,Koshy,Hredhaan Koshy,99221294583,hredhaan92@rediffmail.com,M,1971-04-23,UID-720945749640,
TP-10458,CLM-01705,Yashawini,,Bal,Yashawini Bal,98902875328,yashawini85@outlook.co.in,F,2003-11-06,UID-258995968044,
TP-10459,CLM-01706,Megha,,Koshy,Megha Koshy,97417675737,megha43@outlook.co.in,F,1974-07-01,AADHAR-1790-1993-5163,MEM-13368
TP-10460,CLM-01708,Veda,,Oommen,Veda Oommen,99956608363,veda24@yahoo.com,F,1960-12-07,VOTER-A942921,
TP-10461,CLM-01713,Inaya,,Majumdar,Inaya Majumdar,97377386095,inaya40@yahoo.com,F,1950-06-05,UID-209383780835,
TP-10462,CLM-01716,Veer,,Iyer,Veer Iyer,98966506130,veer84@outlook.co.in,M,2000-03-15,UID-130154256903,MEM-10277
TP-10463,CLM-01718,Kamya,,Tailor,Kamya Tailor,99308549575,kamya64@yahoo.com,F,1996-06-13,AADHAR-7079-1029-1513,
TP-10464,CLM-01719,Baljiwan,,Pillay,Baljiwan Pillay,99526334626,baljiwan51@yahoo.com,M,2001-11-13,VOTER-B272866,
TP-10465,CLM-01721,Ekbal,,Nagi,Ekbal Nagi,97270959335,ekbal44@hotmail.com,M,2005-08-28,VOTER-A581272,MEM-12061
TP-10466,CLM-01728,Kala,,Subramaniam,Kala Subramaniam,97025034829,kala55@outlook.co.in,F,1977-04-01,VOTER-C715188,
TP-10467,CLM-01730,Indrajit,,Roy,Indrajit Roy,99863120170,indrajit73@gmail.com,M,1988-02-12,AADHAR-4388-6035-9285,MEM-12576
TP-10468,CLM-01732,Widisha,,Palla,Widisha Palla,97297757868,lajita35@live.com,F,2001-05-21,UID-799187529363,
TP-10469,CLM-01740,Saksham,,Rajagopal,Saksham Rajagopal,97756964231,saksham76@yahoo.com,M,1997-12-28,VOTER-C541554,MEM-13460
TP-10470,CLM-01741,Tristan,,Walla,Tristan Walla,97509396918,tristan39@hotmail.com,M,2004-01-26,AADHAR-8478-6942-7241,
TP-10471,CLM-01743,Falak,,Wason,Falak Wason,98930546687,falak69@rediffmail.com,F,2003-06-28,AADHAR-8484-8558-9252,MEM-12672
TP-10472,CLM-01749,Lohit,,Luthra,Lohit Luthra,97878466656,lohit57@rediffmail.com,M,1970-12-11,UID-631900765598,
TP-10473,CLM-01751,Ekavir,,Dara,Ekavir Dara,97185818935,ekavir14@hotmail.com,M,2003-10-04,UID-566087870683,
TP-10474,CLM-01756,Jasmit,,Sunder,Jasmit Sunder,97024766030,jasmit17@live.com,F,2006-04-06,AADHAR-6032-9046-1380,
TP-10475,CLM-01763,Siddharth,,Shere,Siddharth Shere,97571393261,siddharth18@gmail.com,M,1979-12-31,AADHAR-2317-9131-2973,
TP-10476,CLM-01764,Urmi,,Padmanabhan,Urmi Padmanabhan,97619678495,urmi50@live.com,F,1967-01-19,AADHAR-4823-3054-5528,MEM-12297
TP-10477,CLM-01765,Chaitaly,,Uppal,Chaitaly Uppal,98894788222,chaitaly67@hotmail.com,F,1999-07-24,AADHAR-3795-8152-8287,
TP-10478,CLM-01773,Divya,,Bhardwaj,Divya Bhardwaj,98334748972,divya56@gmail.com,F,1982-07-10,VOTER-D908862,MEM-12932
TP-10479,CLM-01774,Bhavani,,Mani,Bhavani Mani,98150033795,bhavani99@gmail.com,F,1993-08-17,VOTER-E174168,
TP-10480,CLM-01777,Qasim,,Madan,Qasim Madan,97297771761,qasim20@outlook.co.in,M,1984-05-25,VOTER-A292291,
TP-10481,CLM-01779,Raghav,,Aurora,Raghav Aurora,98647777186,raghav63@rediffmail.com,M,1950-08-06,VOTER-A446635,
TP-10482,CLM-01780,Utkarsh,,Shetty,Utkarsh Shetty,97320257315,utkarsh61@rediffmail.com,M,1989-05-07,VOTER-E156408,MEM-11004
TP-10483,CLM-01783,David,,Gade,David Gade,99291089287,david81@hotmail.com,M,1988-02-01,AADHAR-1170-6252-2326,MEM-12548
TP-10484,CLM-01784,Jackson,,Grover,Jackson Grover,99227018105,jackson15@rediffmail.com,M,1975-01-10,UID-913238406763,
TP-10485,CLM-01785,Chameli,,Shetty,Chameli Shetty,98606390363,chameli49@yahoo.com,F,1956-07-31,VOTER-D276961,
TP-10486,CLM-01786,Kashvi,,Nori,Kashvi Nori,98316707674,kashvi73@rediffmail.com,F,1997-02-10,VOTER-A911278,
TP-10487,CLM-01788,Leena,,Acharya,Leena Acharya,98886915781,leena60@live.com,F,1987-06-10,UID-610604847212,
TP-10488,CLM-01789,Oviya,,Nigam,Oviya Nigam,97768621091,oviya89@yahoo.com,F,1986-12-19,VOTER-B951825,
TP-10489,CLM-01792,Amol,,Bajaj,Amol Bajaj,98074629482,amol23@gmail.com,M,1974-03-20,UID-678114744361,MEM-10146
TP-10490,CLM-01793,Lipika,,Bali,Lipika Bali,99288192190,lipika59@live.com,F,1971-02-07,UID-545504984419,MEM-10664
TP-10491,CLM-01794,Chaman,,Thaman,Chaman Thaman,98079953587,chaman78@gmail.com,F,2005-04-21,VOTER-C658496,
TP-10492,CLM-01796,Tara,,Soni,Tara Soni,98534722202,tara93@hotmail.com,F,1964-01-14,AADHAR-7368-3557-2011,
TP-10493,CLM-01806,Anjali,,Gokhale,Anjali Gokhale,98184491479,anjali93@rediffmail.com,F,1966-06-06,UID-338264484288,
TP-10494,CLM-01813,Mekhala,,Sathe,Mekhala Sathe,98129858850,mekhala75@live.com,F,1971-09-08,AADHAR-7726-1747-7636,
TP-10495,CLM-01816,Ijaya,,Khalsa,Ijaya Khalsa,97975897285,ijaya60@outlook.co.in,F,1969-09-23,VOTER-C579373,
TP-10496,CLM-01823,Aradhana,,Rajagopalan,Aradhana Rajagopalan,97146437845,aradhana30@gmail.com,F,1954-08-12,VOTER-D474934,
TP-10497,CLM-01835,Ekansh,,D’Alia,Ekansh D’Alia,98609007369,ekansh21@rediffmail.com,M,1983-02-23,UID-805234154649,MEM-13335
TP-10498,CLM-01836,Meghana,,Srinivas,Meghana Srinivas,98923881382,meghana14@gmail.com,F,1993-08-24,UID-722335738816,
TP-10499,CLM-01845,Harshil,,Loke,Harshil Loke,99413145862,harshil23@gmail.com,M,1977-01-19,AADHAR-9932-6297-6321,
TP-10500,CLM-01846,Upadhriti,,Kota,Upadhriti Kota,99734069164,hredhaan95@gmail.com,F,1962-09-19,UID-119965998562,
TP-10501,CLM-01847,Raksha,,Kant,Raksha Kant,99035886597,raksha91@live.com,F,1960-07-01,VOTER-B491340,
TP-10502,CLM-01849,Wazir,,Pal,Wazir Pal,99101750800,wazir48@gmail.com,M,1984-12-22,AADHAR-7280-2449-2294,
TP-10503,CLM-01851,Ronith,,Soni,Ronith Soni,98801014044,ronith27@yahoo.com,M,1983-06-18,AADHAR-1799-9948-1533,
TP-10504,CLM-01852,Widisha,,Palla,Widisha Palla,98486524389,turvi56@live.com,F,2001-05-21,UID-799187529363,
TP-10505,CLM-01856,Harshil,,Aggarwal,Harshil Aggarwal,97753929727,harshil12@gmail.com,M,1951-08-10,VOTER-D689224,
TP-10506,CLM-01857,Pallavi,,Talwar,Pallavi Talwar,99564316356,pallavi63@yahoo.com,F,1972-03-24,UID-862013774986,MEM-11445
TP-10507,CLM-01868,Azaan,,Shetty,Azaan Shetty,97383634670,azaan91@rediffmail.com,M,1950-12-07,UID-469089702105,
TP-10508,CLM-01869,Shravya,,Sinha,Shravya Sinha,98463166495,shravya99@rediffmail.com,F,1996-01-27,VOTER-D475979,MEM-13443
TP-10509,CLM-01875,Maanas,,Mallick,Maanas Mallick,97370426651,maanas49@live.com,M,1986-10-19,AADHAR-4522-2578-5933,
TP-10510,CLM-01880,Ranveer,,Sankar,Ranveer Sankar,99960332063,ranveer66@live.com,M,2004-01-30,VOTER-D942567,
TP-10511,CLM-01884,Indali,,Basu,Indali Basu,98518378990,indali15@live.com,F,1967-09-13,UID-284956275817,MEM-10741
TP-10512,CLM-01887,Pranit,,Tella,Pranit Tella,98635447580,pranit98@rediffmail.com,M,1978-09-29,AADHAR-2833-2194-8892,MEM-10043
TP-10513,CLM-01897,Devansh,,Upadhyay,Devansh Upadhyay,99399257457,devansh53@live.com,M,1967-11-11,UID-260470231027,
TP-10514,CLM-01900,Joshua,,Parikh,Joshua Parikh,98412002449,joshua48@yahoo.com,M,1973-04-12,VOTER-D854471,
TP-10515,CLM-01907,Aashi,,Kant,Aashi Kant,99504950929,aashi51@gmail.com,F,1969-01-27,AADHAR-4087-3222-7487,MEM-10415
TP-10516,CLM-01912,Atharv,,Ramachandran,Atharv Ramachandran,99176106970,atharv62@yahoo.com,M,1979-03-18,UID-172270074974,
TP-10517,CLM-01918,Saanvi,,Dada,Saanvi Dada,97045722892,saanvi84@rediffmail.com,F,1989-04-21,UID-467459845485,MEM-12177
TP-10518,CLM-01934,Theodore,,Butala,Theodore Butala,97254773268,theodore77@rediffmail.com,M,1985-04-05,UID-127323777095,MEM-11095
TP-10519,CLM-01941,Vidhi,,Bahl,Vidhi Bahl,99038991936,vidhi32@yahoo.com,F,1968-11-26,VOTER-B356079,
TP-10520,CLM-01943,Ethan,,Chand,Ethan Chand,99373562686,ethan95@rediffmail.com,M,1952-01-14,UID-252286380535,
TP-10521,CLM-01947,Darpan,,Zacharia,Darpan Zacharia,97807919234,darpan65@yahoo.com,M,1995-03-27,UID-583147541911,
TP-10522,CLM-01953,Chakradhar,,Ray,Chakradhar Ray,97996982592,chakradhar84@live.com,M,1986-11-20,VOTER-E260200,MEM-12424
TP-10523,CLM-01960,Nitara,,Sidhu,Nitara Sidhu,99159146371,nitara23@hotmail.com,F,1950-07-20,AADHAR-8969-2933-9448,
TP-10524,CLM-01963,Tanveer,,Bora,Tanveer Bora,98547612926,tanveer62@outlook.co.in,M,1995-11-10,VOTER-C751633,
TP-10525,CLM-01965,Jagat,,Chaudhry,Jagat Chaudhry,97421180270,jagat15@rediffmail.com,M,1980-03-17,AADHAR-7045-7733-3509,MEM-13445
TP-10526,CLM-01966,Veer,,Batta,Veer Batta,97968185908,veer31@outlook.co.in,M,1977-06-05,AADHAR-3025-5492-6883,
TP-10527,CLM-01969,Jalsa,,Subramaniam,Jalsa Subramaniam,98229004402,jalsa94@yahoo.com,F,1997-11-04,VOTER-C761405,
TP-10528,CLM-01973,Om,,Minhas,Om Minhas,99221213574,om33@outlook.co.in,M,2005-03-06,AADHAR-8777-3196-3989,
TP-10529,CLM-01976,Maanav,,Mannan,Maanav Mannan,97105096194,maanav70@yahoo.com,M,1992-03-10,UID-127585852618,MEM-11146
TP-10530,CLM-01977,Madhavi,,Sheth,Madhavi Sheth,99600113332,madhavi74@hotmail.com,F,1985-11-02,UID-858162748693,MEM-10648
TP-10531,CLM-01987,Bahadurjit,,Bal,Bahadurjit Bal,98178594502,bahadurjit56@rediffmail.com,M,2003-09-05,VOTER-D347444,
TP-10532,CLM-01988,Widisha,,Murty,Widisha Murty,98371014766,widisha80@hotmail.com,F,1966-04-26,VOTER-D989875,
TP-10533,CLM-01989,Chakradhar,,Kar,Chakradhar Kar,98555392324,chakradhar52@live.com,M,1989-05-21,UID-170347887913,
TP-10534,CLM-01997,Anvi,,Desai,Anvi Desai,98451420770,anvi17@outlook.co.in,F,1992-07-21,AADHAR-3598-4134-5635,MEM-10728
TP-10535,CLM-01998,Hemal,,Merchant,Hemal Merchant,97327013832,hemal20@hotmail.com,F,1981-12-12,AADHAR-7071-8027-5591,
TP-10536,CLM-01999,Unnati,,Varkey,Unnati Varkey,98432348174,unnati11@outlook.co.in,F,1998-07-23,AADHAR-4402-3655-3927,MEM-11710
TP-10537,CLM-02004,Widisha,,Shere,Widisha Shere,98179011237,widisha50@outlook.co.in,F,1998-08-28,AADHAR-6854-4032-3731,
TP-10538,CLM-02010,Chanakya,,Mand,Chanakya Mand,97035755926,chanakya53@outlook.co.in,M,1993-01-13,AADHAR-8444-6491-8392,
TP-10539,CLM-02016,Kabir,,Kant,Kabir Kant,98422463088,kabir30@outlook.co.in,M,2007-01-16,AADHAR-7539-3645-6527,
TP-10540,CLM-02019,Kamya,,Sachdev,Kamya Sachdev,99729802006,kamya49@yahoo.com,F,2006-09-20,AADHAR-9316-5811-6286,
TP-10541,CLM-02020,Upma,,Nadkarni,Upma Nadkarni,98211628660,upma45@gmail.com,F,1985-04-24,UID-862996603631,
TP-10542,CLM-02021,Aditya,,Jani,Aditya Jani,98831453453,aditya70@live.com,M,1998-06-03,UID-430983177766,
TP-10543,CLM-02023,Anjali,,Panchal,Anjali Panchal,99589614702,anjali13@rediffmail.com,F,1972-08-10,UID-100172264121,
TP-10544,CLM-02024,Finn,,Sandhu,Finn Sandhu,97105921616,finn20@gmail.com,M,1966-01-21,UID-858945115235,MEM-11110
TP-10545,CLM-02029,Turvi,,Iyer,Turvi Iyer,99468456633,turvi80@hotmail.com,F,1963-12-30,AADHAR-3211-5815-4418,
TP-10546,CLM-02031,Kiaan,,Subramanian,Kiaan Subramanian,99041411663,kiaan50@hotmail.com,M,1967-08-17,AADHAR-8237-7168-4917,
TP-10547,CLM-02033,Yachana,,Ganesh,Yachana Ganesh,97452349936,yachana91@live.com,F,1991-09-15,AADHAR-6216-2843-9717,MEM-12558
TP-10548,CLM-02039,Samesh,,Gour,Samesh Gour,97384091529,samesh45@gmail.com,M,2001-10-02,VOTER-D228569,MEM-12029
TP-10549,CLM-02042,Tristan,,Borra,Tristan Borra,97429682049,tristan12@live.com,M,1989-10-02,VOTER-E568821,
TP-10550,CLM-02045,Yuvraj,,Choudhry,Yuvraj Choudhry,98457380226,yuvraj65@rediffmail.com,M,1980-07-19,VOTER-B422552,
TP-10551,CLM-02046,Advika,,Gala,Advika Gala,99477858241,advika51@hotmail.com,F,1957-06-15,UID-557655701327,
TP-10552,CLM-02049,Januja,,Rajagopal,Januja Rajagopal,97949913215,januja37@rediffmail.com,F,2005-07-04,AADHAR-8368-7569-9616,
TP-10553,CLM-02055,Orinder,,Sankaran,Orinder Sankaran,98937855197,orinder11@outlook.co.in,M,2005-03-14,UID-966369869886,MEM-12688
TP-10554,CLM-02062,Pranav,,Subramaniam,Pranav Subramaniam,97732013093,pranav67@rediffmail.com,M,1979-04-19,AADHAR-2942-5504-6429,
TP-10555,CLM-02076,Jeet,,Sridhar,Jeet Sridhar,99295477300,jeet16@outlook.co.in,M,1999-02-20,UID-785638369743,
TP-10556,CLM-02081,Eesha,,Mohan,Eesha Mohan,99175489764,eesha65@hotmail.com,F,1962-11-05,VOTER-C762197,MEM-12850
TP-10557,CLM-02083,Sai,,Khosla,Sai Khosla,99986158108,sai32@outlook.co.in,M,1993-03-03,UID-153269539048,
TP-10558,CLM-02087,Barkha,,Ramaswamy,Barkha Ramaswamy,98346281940,barkha97@gmail.com,F,1967-05-11,UID-291893044570,
TP-10559,CLM-02089,Hemani,,Tella,Hemani Tella,98096340689,hemani17@gmail.com,F,1985-03-24,UID-324510026835,MEM-10318
TP-10560,CLM-02093,Vedhika,,Atwal,Vedhika Atwal,97421414432,vedhika69@hotmail.com,F,1958-09-04,AADHAR-5456-6383-5561,
TP-10561,CLM-02094,Sathvik,,Dugal,Sathvik Dugal,97787574178,sathvik72@yahoo.com,M,1986-03-17,AADHAR-8369-2279-1914,MEM-12926
TP-10562,CLM-02098,Thomas,,Mangat,Thomas Mangat,99326546013,thomas24@outlook.co.in,M,1962-06-07,AADHAR-1462-2686-3238,MEM-11964
TP-10563,CLM-02105,Vritti,,Deshmukh,Vritti Deshmukh,97753059410,vritti61@hotmail.com,F,1982-12-25,UID-895780238302,
TP-10564,CLM-02116,Andrew,,Dugal,Andrew Dugal,98289274844,andrew77@outlook.co.in,M,2007-09-23,UID-773553145926,
TP-10565,CLM-02120,Ekansh,,Palla,Ekansh Palla,99142318213,ekansh59@gmail.com,M,1950-12-13,VOTER-A964600,
TP-10566,CLM-02127,Avi,,Halder,Avi Halder,98191259466,avi19@rediffmail.com,M,1967-08-09,UID-508535335321,
TP-10567,CLM-02130,Balhaar,,Gaba,Balhaar Gaba,98425921843,balhaar69@yahoo.com,M,1980-04-30,VOTER-B420495,
TP-10568,CLM-02133,Ikshita,,Master,Ikshita Master,99662638855,ikshita54@outlook.co.in,F,1984-03-03,UID-837318292185,MEM-12331
TP-10569,CLM-02140,Bakhshi,,Sidhu,Bakhshi Sidhu,97537202360,bakhshi92@rediffmail.com,M,1970-06-04,VOTER-A892011,MEM-12295
TP-10570,CLM-02146,Girindra,,Sandal,Girindra Sandal,99167134010,girindra94@live.com,M,1992-04-25,AADHAR-4287-4804-9402,MEM-12380
TP-10571,CLM-02149,Tanveer,,Mani,Tanveer Mani,99836772684,tanveer71@yahoo.com,M,1975-10-07,VOTER-B670131,
TP-10572,CLM-02152,Yatin,,Narang,Yatin Narang,97610032130,yatin47@rediffmail.com,M,1984-04-01,UID-770963797367,
TP-10573,CLM-02153,Kritika,,Minhas,Kritika Minhas,99451474373,kritika27@outlook.co.in,F,1987-10-09,UID-514190924562,
TP-10574,CLM-02154,Dominic,,Bansal,Dominic Bansal,98604003589,dominic79@rediffmail.com,M,1991-01-07,AADHAR-7078-4387-9113,
TP-10575,CLM-02162,Ronith,,Yohannan,Ronith Yohannan,97394252150,ronith80@rediffmail.com,M,1995-04-26,VOTER-A993738,
TP-10576,CLM-02163,Ladli,,Murty,Ladli Murty,98232433329,ladli65@yahoo.com,F,1989-11-24,UID-236695050090,
TP-10577,CLM-02166,Brijesh,,Swaminathan,Brijesh Swaminathan,97711672195,brijesh68@outlook.co.in,M,1955-02-18,UID-836720981565,
TP-10578,CLM-02171,Hemangini,,Nigam,Hemangini Nigam,99252514103,hemangini54@live.com,F,1960-01-27,AADHAR-2376-3522-9736,
TP-10579,CLM-02174,Farhan,,Bail,Farhan Bail,97609578744,farhan56@outlook.co.in,M,1960-10-09,VOTER-A996636,
TP-10580,CLM-02175,Alka,,Saxena,Alka Saxena,98508496236,alka83@yahoo.com,F,1961-11-10,AADHAR-2713-5730-6118,
TP-10581,CLM-02186,Janaki,,Sastry,Janaki Sastry,98919829762,janaki79@yahoo.com,F,1958-09-23,VOTER-E807850,
TP-10582,CLM-02189,Rohan,,Mukherjee,Rohan Mukherjee,98551536909,rohan79@live.com,M,1981-08-08,VOTER-B225692,MEM-12718
TP-10583,CLM-02192,Thomas,,Devi,Thomas Devi,98558640375,thomas31@live.com,M,1967-06-03,VOTER-C426637,
TP-10584,CLM-02196,Chameli,,Sidhu,Chameli Sidhu,98668368385,chameli12@gmail.com,F,2007-08-25,VOTER-B449843,
TP-10585,CLM-02197,Baghyawati,,Banerjee,Baghyawati Banerjee,98759219934,baghyawati26@yahoo.com,F,2001-09-07,AADHAR-6073-5449-5299,
TP-10586,CLM-02201,Pavani,,Sengupta,Pavani Sengupta,97997604594,pavani90@live.com,F,1955-09-06,UID-410687861906,
TP-10587,CLM-02202,Abdul,,Kunda,Abdul Kunda,98426165085,abdul27@live.com,M,1970-09-30,UID-658520682548,
TP-10588,CLM-02203,Sanya,,Som,Sanya Som,98943770363,sanya52@rediffmail.com,F,1967-11-09,VOTER-C805337,
TP-10589,CLM-02204,Turvi,,Agrawal,Turvi Agrawal,97839156233,turvi29@live.com,F,1968-05-30,VOTER-C215131,
TP-10590,CLM-02212,Chameli,,Chadha,Chameli Chadha,98860293869,chameli30@yahoo.com,F,2007-07-04,UID-119345052007,
TP-10591,CLM-02214,Yug,,Sagar,Yug Sagar,98710115025,yug83@outlook.co.in,M,1982-12-31,UID-815799536496,
TP-10592,CLM-02215,Karan,,Ranganathan,Karan Ranganathan,97778466839,karan83@hotmail.com,M,1965-01-23,UID-881660735209,MEM-12989
TP-10593,CLM-02218,Yashodhara,,Gaba,Yashodhara Gaba,99185886806,yashodhara13@gmail.com,F,1961-11-21,AADHAR-4277-7458-2006,
TP-10594,CLM-02227,Ati,,Iyengar,Ati Iyengar,97218776950,ati34@live.com,F,1960-06-23,AADHAR-4110-7583-5182,
TP-10595,CLM-02231,Hemani,,Chander,Hemani Chander,97424910842,hemani27@live.com,F,1995-01-16,UID-832306602774,
TP-10596,CLM-02235,Yashawini,,Jha,Yashawini Jha,99017587224,yashawini25@outlook.co.in,F,1992-01-06,UID-501748782039,
TP-10597,CLM-02236,Dalbir,,Prabhu,Dalbir Prabhu,98578434876,dalbir22@rediffmail.com,M,1993-12-31,UID-701201124466,
TP-10598,CLM-02239,Yashoda,,Mital,Yashoda Mital,97074759828,yashoda88@outlook.co.in,F,1996-08-04,VOTER-A124859,
TP-10599,CLM-02243,Yashoda,,Dani,Yashoda Dani,97641168393,yashoda97@live.com,F,1971-11-04,VOTER-B505535,
TP-10600,CLM-02244,Upadhriti,,Dugar,Upadhriti Dugar,98776798655,upadhriti68@yahoo.com,F,1953-07-25,UID-869501088199,
TP-10601,CLM-02269,Gagan,,Dutta,Gagan Dutta,98618769748,gagan41@live.com,M,1971-04-24,VOTER-B568315,
TP-10602,CLM-02276,Samaksh,,Samra,Samaksh Samra,98551970251,samaksh29@yahoo.com,M,1967-11-04,UID-273752990522,MEM-10469
TP-10603,CLM-02279,Chaitaly,,Mohan,Chaitaly Mohan,99116675159,chaitaly89@gmail.com,F,1961-12-16,UID-905669209144,
TP-10604,CLM-02282,Krish,,Bava,Krish Bava,99021377866,krish11@yahoo.com,M,2001-06-18,UID-914241968896,
TP-10605,CLM-02285,Siya,,Batta,Siya Batta,99858201988,siya60@outlook.co.in,F,1959-11-30,AADHAR-7093-8595-5901,MEM-13251
TP-10606,CLM-02289,Liam,,Vyas,Liam Vyas,99486806274,liam35@hotmail.com,M,1968-03-19,UID-551805700266,MEM-11754
TP-10607,CLM-02292,Geetika,,Tripathi,Geetika Tripathi,99051408883,geetika57@yahoo.com,F,1996-01-11,UID-938780513648,
TP-10608,CLM-02297,Upadhriti,,Lal,Upadhriti Lal,97126614026,upadhriti52@rediffmail.com,F,1965-06-30,UID-288857248574,MEM-12968
TP-10609,CLM-02299,Reyansh,,Parikh,Reyansh Parikh,98040001915,reyansh54@rediffmail.com,M,1988-05-10,VOTER-A168833,
TP-10610,CLM-02301,Oni,,Lalla,Oni Lalla,99105703428,oni75@outlook.co.in,F,1983-01-13,VOTER-C141268,
TP-10611,CLM-02303,Ubika,,Soni,Ubika Soni,98163092962,ubika88@outlook.co.in,F,2005-04-18,VOTER-A698518,
TP-10612,CLM-02304,Nitesh,,Modi,Nitesh Modi,99612424346,nitesh88@hotmail.com,M,1992-01-24,VOTER-B888072,
TP-10613,CLM-02306,Mekhala,,Chander,Mekhala Chander,99207640051,mekhala55@outlook.co.in,F,2002-11-25,AADHAR-9826-4107-3155,
TP-10614,CLM-02309,Ekavir,,Rai,Ekavir Rai,97335376526,ekavir63@yahoo.com,M,2004-10-21,UID-166172020740,
TP-10615,CLM-02311,Jason,,Mangat,Jason Mangat,97318559258,jason54@hotmail.com,M,1960-07-12,UID-195312465284,MEM-13006
TP-10616,CLM-02312,Andrew,,Karnik,Andrew Karnik,97227178789,andrew13@outlook.co.in,M,1975-10-05,AADHAR-2132-4265-8908,
TP-10617,CLM-02314,Luke,,Memon,Luke Memon,98588984771,luke11@gmail.com,M,1967-07-30,UID-935272247415,MEM-12035
TP-10618,CLM-02315,Daksh,,Dani,Daksh Dani,97536557858,daksh16@rediffmail.com,M,1953-11-07,UID-532898347442,
TP-10619,CLM-02318,Nimrat,,Shere,Nimrat Shere,97153336860,nimrat18@gmail.com,F,1951-01-22,VOTER-A504437,
TP-10620,CLM-02319,Kavya,,Butala,Kavya Butala,97973200997,kavya18@gmail.com,F,1961-05-05,VOTER-E851574,
TP-10621,CLM-02324,Gavin,,Viswanathan,Gavin Viswanathan,97236421241,gavin34@outlook.co.in,M,1986-09-04,AADHAR-6305-8648-7341,
TP-10622,CLM-02325,Jack,,Sem,Jack Sem,98129145551,jack85@hotmail.com,M,1966-04-21,AADHAR-3326-9721-7068,
TP-10623,CLM-02326,Arjun,,Narain,Arjun Narain,99125542913,arjun95@hotmail.com,M,2004-11-03,VOTER-C317096,MEM-13055
TP-10624,CLM-02334,Yashica,,Chander,Yashica Chander,97302688801,yashica75@yahoo.com,F,1982-04-04,AADHAR-1772-1088-7112,
TP-10625,CLM-02336,Devansh,,Dhaliwal,Devansh Dhaliwal,98558330362,devansh78@gmail.com,M,1990-03-09,UID-744250826310,
TP-10626,CLM-02337,Raksha,,Mukhopadhyay,Raksha Mukhopadhyay,99259401776,raksha98@outlook.co.in,F,1989-11-30,UID-927826381008,MEM-10976
TP-10627,CLM-02340,Gabriel,,Sandhu,Gabriel Sandhu,97780692936,gabriel36@hotmail.com,M,1959-05-30,AADHAR-7518-8757-1838,
TP-10628,CLM-02342,Kiaan,,Bala,Kiaan Bala,98499769654,kiaan41@outlook.co.in,M,2004-06-16,UID-332402122420,
TP-10629,CLM-02343,Aarnav,,Bera,Aarnav Bera,97579484176,aarnav61@hotmail.com,M,2002-06-29,VOTER-A521210,
TP-10630,CLM-02344,Megha,,Kala,Megha Kala,98239205367,megha22@yahoo.com,F,1979-02-09,UID-948192451735,
TP-10631,CLM-02346,Turvi,,Bajaj,Turvi Bajaj,98189765452,turvi63@outlook.co.in,F,1958-01-26,AADHAR-7043-2823-8732,
TP-10632,CLM-02349,Theodore,,D’Alia,Theodore D’Alia,98604732586,theodore93@live.com,M,1985-10-24,AADHAR-3549-3873-1063,
TP-10633,CLM-02353,Vyanjana,,Mangal,Vyanjana Mangal,99058801609,vyanjana67@hotmail.com,F,1992-04-05,AADHAR-8268-2617-1999,MEM-10900
TP-10634,CLM-02359,Laban,,Gola,Laban Gola,97476987988,laban10@hotmail.com,M,1965-12-31,VOTER-A739734,MEM-10240
TP-10635,CLM-02363,Tanish,,Dash,Tanish Dash,97659991554,tanish68@gmail.com,M,1965-06-19,VOTER-E172198,
TP-10636,CLM-02364,Kamya,,Mander,Kamya Mander,97986515469,kamya32@hotmail.com,F,2007-05-11,VOTER-E157317,MEM-13472
TP-10637,CLM-02369,Isaiah,,Padmanabhan,Isaiah Padmanabhan,99705319501,isaiah28@live.com,M,1965-06-10,AADHAR-4139-9926-6856,MEM-11906
TP-10638,CLM-02373,Pallavi,,Krishnamurthy,Pallavi Krishnamurthy,97490673759,pallavi10@rediffmail.com,F,1967-05-01,UID-547824485584,
TP-10639,CLM-02376,Patrick,,Pandya,Patrick Pandya,99901105557,patrick64@gmail.com,M,2007-07-03,UID-590712311798,
TP-10640,CLM-02382,Anamika,,Manda,Anamika Manda,98462460041,anamika99@hotmail.com,F,1997-01-06,AADHAR-4013-5402-5114,MEM-12997
TP-10641,CLM-02383,Osha,,Kata,Osha Kata,97038292235,osha89@rediffmail.com,F,1971-02-27,AADHAR-1982-4107-4741,MEM-10828
TP-10642,CLM-02386,Brijesh,,Purohit,Brijesh Purohit,99037317705,brijesh38@yahoo.com,M,1969-02-14,VOTER-B489964,
TP-10643,CLM-02387,Varsha,,Bassi,Varsha Bassi,97607784374,varsha77@rediffmail.com,F,1957-08-17,UID-957330056565,
TP-10644,CLM-02393,Chandani,,Suresh,Chandani Suresh,99901148397,chandani17@live.com,F,2001-07-06,VOTER-E127452,
TP-10645,CLM-02394,Anirudh,,Shroff,Anirudh Shroff,97780642875,anirudh22@hotmail.com,M,1975-10-21,UID-813849256066,
TP-10646,CLM-02398,Jagdish,,Venkataraman,Jagdish Venkataraman,98461113789,jagdish54@live.com,M,1972-04-15,VOTER-A832551,
TP-10647,CLM-02400,Tripti,,Chanda,Tripti Chanda,99666835852,tripti82@gmail.com,F,1990-09-11,AADHAR-9434-7499-4183,
TP-10648,CLM-02402,Vivaan,,Karpe,Vivaan Karpe,98891789498,vivaan12@rediffmail.com,M,1958-06-24,UID-535425828837,
TP-10649,CLM-02403,Zayyan,,Purohit,Zayyan Purohit,97388871898,zayyan86@rediffmail.com,M,1966-09-27,VOTER-E355278,
TP-10650,CLM-02405,Upma,,Mitra,Upma Mitra,99941098129,upma47@hotmail.com,F,1990-07-05,UID-152005551957,
TP-10651,CLM-02409,Tristan,,Prashad,Tristan Prashad,98259912476,tristan59@gmail.com,M,1995-07-07,UID-427234498094,MEM-10766
TP-10652,CLM-02421,Rachana,,Uppal,Rachana Uppal,97854982403,rachana56@gmail.com,F,1960-12-31,VOTER-E350250,
TP-10653,CLM-02422,Zansi,,Sagar,Zansi Sagar,97448000130,zansi98@hotmail.com,F,2003-07-18,AADHAR-1162-2066-5908,
TP-10654,CLM-02423,Rudra,,Chanda,Rudra Chanda,97847669290,rudra19@live.com,M,1991-06-30,VOTER-B651210,
TP-10655,CLM-02426,Hritik,,Yadav,Hritik Yadav,99749527176,hritik24@live.com,M,1962-02-17,VOTER-D509290,
TP-10656,CLM-02428,Prisha,,Sarma,Prisha Sarma,97457200781,prisha72@hotmail.com,F,1995-07-25,VOTER-B414090,MEM-11148
TP-10657,CLM-02430,Elijah,,Rao,Elijah Rao,99377291701,elijah75@rediffmail.com,M,1971-12-29,AADHAR-9728-7197-3299,
TP-10658,CLM-02437,Tamanna,,Nori,Tamanna Nori,97948760691,tamanna41@live.com,F,1978-02-23,VOTER-B445983,MEM-10356
TP-10659,CLM-02438,Kiaan,,Chowdhury,Kiaan Chowdhury,98504827584,kiaan79@outlook.co.in,M,2000-02-24,VOTER-E198677,MEM-10772
TP-10660,CLM-02440,Reyansh,,Hans,Reyansh Hans,98568938766,reyansh31@rediffmail.com,M,1989-05-21,AADHAR-2025-1225-9305,
TP-10661,CLM-02443,Imaran,,Viswanathan,Imaran Viswanathan,97784453281,imaran88@hotmail.com,M,1965-08-05,VOTER-A763633,
TP-10662,CLM-02446,Yashawini,,Dalal,Yashawini Dalal,98171102606,yashawini44@hotmail.com,F,1974-05-29,VOTER-B421681,
TP-10663,CLM-02448,Ucchal,,Sankar,Ucchal Sankar,98042729727,ucchal29@hotmail.com,F,1984-11-09,UID-929401294432,MEM-11975
TP-10664,CLM-02451,Upkaar,,Pandya,Upkaar Pandya,99008714888,upkaar61@yahoo.com,M,2007-06-08,UID-783352024967,
TP-10665,CLM-02459,Krishna,,Madan,Krishna Madan,98277750265,krishna42@yahoo.com,F,2002-09-20,UID-534855369776,
TP-10666,CLM-02461,Gunbir,,Rai,Gunbir Rai,99960339993,gunbir20@outlook.co.in,M,1954-09-18,UID-155303195621,
TP-10667,CLM-02468,Maanas,,Date,Maanas Date,97349703981,maanas82@hotmail.com,M,1994-11-27,VOTER-B701183,
TP-10668,CLM-02469,Varsha,,Warrior,Varsha Warrior,97362904799,varsha37@yahoo.com,F,1954-10-31,VOTER-C583192,
TP-10669,CLM-02470,Edhitha,,Krishnamurthy,Edhitha Krishnamurthy,97376736084,edhitha62@live.com,F,1950-04-19,VOTER-A922705,
TP-10670,CLM-02474,Aayush,,Kohli,Aayush Kohli,98981474601,aayush98@rediffmail.com,M,2001-08-13,AADHAR-3407-9481-1509,
TP-10671,CLM-02475,Guneet,,Kulkarni,Guneet Kulkarni,99920850551,guneet85@gmail.com,M,1957-11-14,UID-458749368033,
TP-10672,CLM-02481,Timothy,,Narain,Timothy Narain,97922279188,timothy12@outlook.co.in,M,1995-07-14,AADHAR-3756-3453-3139,
TP-10673,CLM-02488,Vihaan,,Samra,Vihaan Samra,97818241363,vihaan47@gmail.com,M,1988-01-25,UID-281727934519,MEM-10782
TP-10674,CLM-02506,Xiti,,Mandal,Xiti Mandal,97504635044,xiti48@outlook.co.in,F,1959-01-23,UID-577390045469,
TP-10675,CLM-02508,Shaurya,,Boase,Shaurya Boase,97853037615,shaurya96@hotmail.com,M,1951-03-09,AADHAR-7246-7087-7072,
TP-10676,CLM-02511,Wyatt,,Kadakia,Wyatt Kadakia,97360933500,wyatt86@live.com,M,2005-10-17,UID-190302585390,
TP-10677,CLM-02516,Kalpit,,Chowdhury,Kalpit Chowdhury,98746886204,kalpit95@outlook.co.in,M,2001-10-28,UID-782473813358,MEM-11126
TP-10678,CLM-02525,Andrew,,Hora,Andrew Hora,97105941917,andrew70@gmail.com,M,1986-07-14,UID-662342655524,MEM-10666
TP-10679,CLM-02528,Aryan,,Ahuja,Aryan Ahuja,99378783339,aryan46@live.com,M,1985-01-06,UID-350890704459,MEM-10500
TP-10680,CLM-02530,Vasatika,,Mane,Vasatika Mane,99230597476,vasatika54@outlook.co.in,F,2007-04-30,AADHAR-9283-5876-6823,MEM-10817
TP-10681,CLM-02531,Nicholas,,Nayar,Nicholas Nayar,99098271707,nicholas78@live.com,M,1958-11-05,VOTER-C534483,
TP-10682,CLM-02532,Yashica,,Minhas,Yashica Minhas,98689423153,yashica89@outlook.co.in,F,2004-12-02,AADHAR-7320-1913-1667,
TP-10683,CLM-02540,Ekaraj,,Pal,Ekaraj Pal,97342356288,ekaraj78@rediffmail.com,M,1982-07-19,AADHAR-3891-1676-8057,
TP-10684,CLM-02541,Waida,,Chaudhuri,Waida Chaudhuri,97850283064,waida11@live.com,F,1961-03-16,UID-958238391762,
TP-10685,CLM-02544,Sachi,,Saha,Sachi Saha,97014429816,sachi10@rediffmail.com,F,1999-12-31,AADHAR-6638-5241-7968,
TP-10686,CLM-02548,Falguni,,Rege,Falguni Rege,99544989910,falguni35@rediffmail.com,F,1998-04-11,UID-567092781813,
TP-10687,CLM-02553,Ishanvi,,Chadha,Ishanvi Chadha,97841112051,ishanvi58@rediffmail.com,F,1955-03-18,UID-614281583686,
TP-10688,CLM-02558,Owen,,Sethi,Owen Sethi,97806413550,owen37@rediffmail.com,M,1976-08-06,UID-237983609764,
TP-10689,CLM-02565,Chasmum,,Raman,Chasmum Raman,99711083079,chasmum11@yahoo.com,F,1971-08-25,VOTER-E873344,MEM-11692
TP-10690,CLM-02572,Faris,,Sampath,Faris Sampath,98703783786,faris64@hotmail.com,M,1963-10-02,AADHAR-5315-4570-7072,
TP-10691,CLM-02573,Keya,,Prakash,Keya Prakash,99001071995,keya59@live.com,F,1986-04-13,AADHAR-8523-3342-3960,
TP-10692,CLM-02574,Ayaan,,Ghosh,Ayaan Ghosh,98803558405,ayaan45@outlook.co.in,M,1974-10-19,AADHAR-2964-2127-3484,MEM-12687
TP-10693,CLM-02577,Bhanumati,,Doctor,Bhanumati Doctor,98129300784,bhanumati72@gmail.com,F,2003-11-19,AADHAR-2941-9678-7649,MEM-12602
TP-10694,CLM-02578,Ishanvi,,Sur,Ishanvi Sur,99685636625,ishanvi71@rediffmail.com,F,1995-08-22,VOTER-A957702,
TP-10695,CLM-02583,Saumya,,Ratti,Saumya Ratti,99411910561,saumya73@outlook.co.in,F,1949-11-07,AADHAR-7680-6953-7484,
TP-10696,CLM-02584,Gopal,,Chokshi,Gopal Chokshi,99181608887,gopal38@hotmail.com,M,2001-10-04,AADHAR-4712-7764-1810,MEM-11988
TP-10697,CLM-02585,Wakeeta,,Purohit,Wakeeta Purohit,97086985034,wakeeta71@live.com,F,1996-02-25,VOTER-C907951,
TP-10698,CLM-02589,Viraj,,Dayal,Viraj Dayal,97715611982,viraj30@yahoo.com,M,1990-03-12,AADHAR-6054-9697-3976,
TP-10699,CLM-02596,Girish,,Seshadri,Girish Seshadri,98640258409,girish54@rediffmail.com,M,2001-05-26,UID-674365278412,MEM-12080
TP-10700,CLM-02598,Neel,,Reddy,Neel Reddy,97115395404,neel66@outlook.co.in,M,2001-07-15,VOTER-E920459,
TP-10701,CLM-02599,Noah,,Muni,Noah Muni,99788252993,noah66@live.com,M,1998-01-31,AADHAR-2018-2487-3162,MEM-12760
TP-10702,CLM-02601,Tarak,,Jhaveri,Tarak Jhaveri,99600709784,tarak24@gmail.com,M,2007-09-06,AADHAR-5226-4020-2499,
TP-10703,CLM-02612,Sneha,,Palan,Sneha Palan,97550125016,sneha20@gmail.com,F,1973-10-02,UID-858972748072,MEM-12838
TP-10704,CLM-02615,Ayush,,Reddy,Ayush Reddy,98757131527,ayush85@outlook.co.in,M,1976-05-25,AADHAR-1941-3126-3932,MEM-10868
TP-10705,CLM-02616,Aadhya,,Agarwal,Aadhya Agarwal,99022992450,aadhya93@outlook.co.in,F,1955-11-11,UID-119820901326,
TP-10706,CLM-02617,Nikita,,Sant,Nikita Sant,98012407463,nikita36@live.com,F,1982-08-17,VOTER-C163225,
TP-10707,CLM-02619,Advik,,Lal,Advik Lal,99842961987,advik20@hotmail.com,M,1993-10-29,AADHAR-5119-1477-4367,
TP-10708,CLM-02626,Tristan,,Nori,Tristan Nori,99877243292,tristan43@yahoo.com,M,1998-03-15,VOTER-A308193,MEM-10492
TP-10709,CLM-02645,Chavvi,,Mital,Chavvi Mital,98365544899,chavvi41@rediffmail.com,F,1988-07-11,UID-548780020089,
TP-10710,CLM-02646,Krisha,,Keer,Krisha Keer,97262348080,krisha28@yahoo.com,F,1970-06-11,UID-219150597049,
TP-10711,CLM-02655,Meera,,Kothari,Meera Kothari,99293279202,meera93@yahoo.com,F,1986-10-21,VOTER-A679897,MEM-13129
TP-10712,CLM-02656,Tanveer,,Karpe,Tanveer Karpe,98556703280,tanveer20@gmail.com,M,1989-07-30,UID-112871651575,
TP-10713,CLM-02658,Samesh,,Goswami,Samesh Goswami,97961579909,samesh17@rediffmail.com,M,2002-03-14,UID-989394237825,
TP-10714,CLM-02664,Zilmil,,Reddy,Zilmil Reddy,98671698282,zilmil50@yahoo.com,F,2004-02-20,VOTER-D957496,MEM-11409
TP-10715,CLM-02675,Ishanvi,,Gulati,Ishanvi Gulati,98326339686,ishanvi29@yahoo.com,F,1993-04-27,AADHAR-6336-9021-1348,MEM-11318
TP-10716,CLM-02680,Eshana,,Mammen,Eshana Mammen,97790046620,eshana58@outlook.co.in,F,2007-06-29,UID-108180255811,
TP-10717,CLM-02682,Ekanta,,Chana,Ekanta Chana,97399611761,ekanta77@outlook.co.in,F,1955-05-05,VOTER-B331410,
TP-10718,CLM-02687,Siddharth,,Vig,Siddharth Vig,99823998909,siddharth26@gmail.com,M,1997-01-18,UID-826307453815,MEM-13370
TP-10719,CLM-02693,Hemangini,,Rastogi,Hemangini Rastogi,98493257700,hemangini83@rediffmail.com,F,1962-06-14,AADHAR-5407-9684-6454,
TP-10720,CLM-02694,Jeet,,Rajagopalan,Jeet Rajagopalan,97297200425,jeet93@live.com,M,1998-05-18,UID-573448440990,MEM-13139
TP-10721,CLM-02700,Wriddhish,,Varty,Wriddhish Varty,98928620274,wriddhish89@gmail.com,M,1989-07-24,VOTER-B532466,
TP-10722,CLM-02703,Vansha,,Pathak,Vansha Pathak,99952735340,vansha21@hotmail.com,F,2005-03-15,UID-973838693062,MEM-11362
TP-10723,CLM-02705,Eiravati,,Yohannan,Eiravati Yohannan,99873856349,eiravati68@live.com,F,1997-03-28,UID-257633169136,
TP-10724,CLM-02708,Farhan,,Viswanathan,Farhan Viswanathan,99662511900,farhan13@hotmail.com,M,1990-06-23,VOTER-E354376,
TP-10725,CLM-02711,Nicholas,,Mistry,Nicholas Mistry,97676771337,nicholas15@hotmail.com,M,1977-08-23,UID-989633807640,MEM-11857
TP-10726,CLM-02714,Gavin,,Nadig,Gavin Nadig,99768180183,gavin36@rediffmail.com,M,1958-08-26,UID-576911175509,
TP-10727,CLM-02720,Turvi,,Kulkarni,Turvi Kulkarni,98132378822,turvi75@gmail.com,F,1960-07-06,VOTER-A615899,
TP-10728,CLM-02727,Gagan,,Bansal,Gagan Bansal,99146584756,gagan36@rediffmail.com,M,1960-03-31,AADHAR-6998-4333-9437,MEM-13009
TP-10729,CLM-02728,Udant,,Choudhury,Udant Choudhury,98338299832,udant55@hotmail.com,M,1960-08-02,VOTER-D156241,
TP-10730,CLM-02729,Bhavna,,Goda,Bhavna Goda,99015329355,bhavna78@live.com,F,1995-04-15,UID-339428710729,
TP-10731,CLM-02735,Ekiya,,Nadkarni,Ekiya Nadkarni,97188750464,ekiya22@rediffmail.com,F,2001-11-09,VOTER-D731804,
TP-10732,CLM-02740,Ishani,,Dhawan,Ishani Dhawan,99041425769,ishani26@hotmail.com,F,1956-01-15,UID-692559495748,
TP-10733,CLM-02742,Udarsh,,Kala,Udarsh Kala,98646458159,udarsh91@rediffmail.com,M,1957-12-05,UID-720411413321,
TP-10734,CLM-02744,Maya,,Apte,Maya Apte,97146114884,maya58@rediffmail.com,F,1985-07-06,UID-927144210075,MEM-12139
TP-10735,CLM-02746,Andrew,,Rattan,Andrew Rattan,99109202524,andrew10@rediffmail.com,M,1986-10-04,VOTER-D454635,MEM-11458
TP-10736,CLM-02748,Panini,,Kapoor,Panini Kapoor,97330762770,panini23@gmail.com,F,2003-12-30,VOTER-A510629,MEM-12670
TP-10737,CLM-02754,Anmol,,Bansal,Anmol Bansal,97669985688,anmol16@rediffmail.com,M,1966-10-29,AADHAR-1585-4788-8195,MEM-13441
TP-10738,CLM-02755,Edhitha,,Garde,Edhitha Garde,99368109577,edhitha57@live.com,F,2003-03-11,AADHAR-4707-9208-6142,MEM-11901
TP-10739,CLM-02759,Urmi,,Bahl,Urmi Bahl,99883199347,urmi16@yahoo.com,F,1987-12-17,VOTER-E122967,
TP-10740,CLM-02762,Omya,,Das,Omya Das,97610564707,omya86@live.com,F,1998-07-26,UID-545949036805,
TP-10741,CLM-02769,Irya,,Srinivasan,Irya Srinivasan,99338690191,irya21@gmail.com,F,1996-01-27,UID-610826670043,
TP-10742,CLM-02770,Maanas,,Mahajan,Maanas Mahajan,98507903640,maanas24@rediffmail.com,M,1992-11-10,VOTER-E972750,
TP-10743,CLM-02772,Jagdish,,Konda,Jagdish Konda,97238019212,jagdish46@hotmail.com,M,1997-09-07,VOTER-D799633,MEM-10482
TP-10744,CLM-02775,George,,Chad,George Chad,99112109880,george11@live.com,M,1985-11-02,VOTER-E360922,
TP-10745,CLM-02782,Guneet,,Hayer,Guneet Hayer,98484731121,guneet15@rediffmail.com,M,1966-11-05,VOTER-C652381,MEM-11774
TP-10746,CLM-02784,Gabriel,,Balasubramanian,Gabriel Balasubramanian,99867039075,gabriel50@live.com,M,1971-08-23,VOTER-D531399,MEM-12563
TP-10747,CLM-02790,Falan,,Bedi,Falan Bedi,99680402331,falan16@gmail.com,M,2002-09-20,VOTER-E186988,
TP-10748,CLM-02792,Gabriel,,Viswanathan,Gabriel Viswanathan,99512963336,gabriel79@hotmail.com,M,1966-06-23,VOTER-D244355,MEM-12306
TP-10749,CLM-02796,Pranit,,Upadhyay,Pranit Upadhyay,98764516945,pranit80@hotmail.com,M,1965-06-09,VOTER-E875631,
TP-10750,CLM-02797,Jagat,,Das,Jagat Das,99452695655,jagat23@hotmail.com,M,1984-11-06,VOTER-E781718,
TP-10751,CLM-02799,Siya,,Ravi,Siya Ravi,97894190368,siya14@hotmail.com,F,1963-07-10,AADHAR-9580-1555-4599,MEM-10924
TP-10752,CLM-02801,Manan,,Korpal,Manan Korpal,97445059319,manan64@hotmail.com,M,1984-10-12,AADHAR-6787-6535-4909,
TP-10753,CLM-02806,Chandani,,Mittal,Chandani Mittal,98959338035,chandani29@hotmail.com,F,1984-01-07,VOTER-D191211,
TP-10754,CLM-02814,Daniel,,Ravi,Daniel Ravi,98492671105,daniel99@hotmail.com,M,1978-04-18,AADHAR-6585-3621-5813,MEM-10746
TP-10755,CLM-02816,Brinda,,Behl,Brinda Behl,99187228533,brinda50@gmail.com,F,1993-02-22,AADHAR-5584-6772-3774,
TP-10756,CLM-02817,Peter,,Rajagopalan,Peter Rajagopalan,97936087001,peter29@outlook.co.in,M,1952-06-19,AADHAR-2990-4874-2758,
TP-10757,CLM-02819,Devika,,Madan,Devika Madan,97911661347,devika72@rediffmail.com,F,1975-09-14,UID-265281332779,MEM-12162
TP-10758,CLM-02822,Ekaraj,,Buch,Ekaraj Buch,99880471435,ekaraj19@live.com,M,1962-09-02,VOTER-D368214,MEM-11637
TP-10759,CLM-02823,Ria,,Salvi,Ria Salvi,97964381856,ria33@rediffmail.com,F,1987-08-16,VOTER-E887284,
TP-10760,CLM-02828,Ryan,,Mahal,Ryan Mahal,98140570921,ryan54@rediffmail.com,M,1964-02-01,VOTER-B447204,MEM-12455
TP-10761,CLM-02833,Jai,,Anand,Jai Anand,97749095938,jai61@outlook.co.in,M,1958-02-10,AADHAR-5203-3120-6366,
TP-10762,CLM-02839,Charan,,Bandi,Charan Bandi,99322325037,charan92@rediffmail.com,M,1971-04-07,UID-790400507652,MEM-10237
TP-10763,CLM-02847,Harrison,,Sharma,Harrison Sharma,98120334320,harrison19@outlook.co.in,M,1996-05-26,AADHAR-8587-5570-7942,MEM-12511
TP-10764,CLM-02854,Madhav,,Dora,Madhav Dora,98492499730,madhav61@rediffmail.com,M,1974-03-26,UID-715426508258,MEM-12129
TP-10765,CLM-02859,Nidra,,Divan,Nidra Divan,99491993629,nidra96@outlook.co.in,F,1961-07-24,UID-939208324583,
TP-10766,CLM-02861,Harrison,,Kannan,Harrison Kannan,99460922455,harrison10@hotmail.com,M,2003-09-06,VOTER-E821816,
TP-10767,CLM-02862,Ucchal,,Garg,Ucchal Garg,99701244606,ucchal29@gmail.com,F,1972-02-12,UID-638403750901,MEM-11170
TP-10768,CLM-02869,Yauvani,,Char,Yauvani Char,99001431600,yauvani47@hotmail.com,F,1975-10-18,UID-244653281259,
TP-10769,CLM-02873,Dalbir,,Sen,Dalbir Sen,98487808835,dalbir48@outlook.co.in,M,1986-08-29,UID-834577274171,MEM-12595
TP-10770,CLM-02874,Samarth,,Peri,Samarth Peri,98522333037,samarth57@live.com,M,1988-09-15,AADHAR-1141-1348-5057,MEM-10894
TP-10771,CLM-02876,Azaan,,Sood,Azaan Sood,98472335547,azaan11@outlook.co.in,M,1964-02-04,VOTER-E398938,MEM-11384
TP-10772,CLM-02878,Isha,,Mahajan,Isha Mahajan,97018938475,isha76@gmail.com,F,1994-08-27,AADHAR-9361-5641-1125,
TP-10773,CLM-02879,Ikbal,,Tara,Ikbal Tara,97119536360,ikbal77@rediffmail.com,M,1992-02-23,UID-496017380275,MEM-12021
TP-10774,CLM-02884,Arin,,Batra,Arin Batra,99592104875,arin28@outlook.co.in,M,1990-08-29,UID-761022569434,
TP-10775,CLM-02885,Manthan,,Ratta,Manthan Ratta,97598043284,manthan41@rediffmail.com,M,1990-03-23,AADHAR-6429-5719-8270,MEM-13079
TP-10776,CLM-02888,Ayaan,,Shan,Ayaan Shan,98894400875,ayaan92@gmail.com,M,1954-05-02,AADHAR-6047-5070-5251,
TP-10777,CLM-02900,Kamya,,Venkataraman,Kamya Venkataraman,98480165272,kamya66@yahoo.com,F,1992-12-15,AADHAR-1809-5825-1838,
TP-10778,CLM-02901,Prisha,,Saini,Prisha Saini,97679530405,prisha40@yahoo.com,F,1973-03-05,AADHAR-4725-5187-3545,
TP-10779,CLM-02904,Lakshit,,Sood,Lakshit Sood,99592607766,lakshit88@hotmail.com,M,2001-12-15,AADHAR-1255-6650-7266,
TP-10780,CLM-02905,Rayaan,,Venkatesh,Rayaan Venkatesh,98126182413,rayaan96@hotmail.com,M,1999-06-15,UID-777018327698,MEM-11995
TP-10781,CLM-02912,Netra,,Muni,Netra Muni,97253691253,netra48@live.com,F,1951-01-20,UID-374886436542,
TP-10782,CLM-02916,Amol,,Bajaj,Amol Bajaj,98074629482,amol23@gmail.com,M,1974-03-20,UID-678114744361,MEM-10146
TP-10783,CLM-02919,Chaitanya,,Ramakrishnan,Chaitanya Ramakrishnan,99111781727,chaitanya15@yahoo.com,M,1990-03-08,AADHAR-3627-3253-7098,
TP-10784,CLM-02920,Ekaja,,Mody,Ekaja Mody,97228397230,ekaja52@outlook.co.in,F,2001-10-25,VOTER-C224160,
TP-10785,CLM-02926,Chaitaly,,Tata,Chaitaly Tata,97586324958,chaitaly15@hotmail.com,F,2000-05-09,VOTER-E719379,
TP-10786,CLM-02929,Eta,,Bose,Eta Bose,99044060200,eta96@yahoo.com,F,1953-07-28,AADHAR-6822-2575-5154,
TP-10787,CLM-02934,Omya,,Varty,Omya Varty,98107718432,omya24@live.com,F,1950-01-01,AADHAR-5993-9885-7966,
TP-10788,CLM-02945,Faris,,Mital,Faris Mital,98204265111,faris36@outlook.co.in,M,1998-04-20,AADHAR-2580-2491-8402,MEM-11518
TP-10789,CLM-02948,Charles,,Bobal,Charles Bobal,98746122874,charles50@yahoo.com,M,2001-04-08,UID-189565114191,MEM-13435
TP-10790,CLM-02950,Prisha,,Gera,Prisha Gera,97807814191,prisha46@gmail.com,F,1979-09-16,UID-658994905150,MEM-10865
TP-10791,CLM-02954,Nihal,,Vohra,Nihal Vohra,98355147330,nihal38@outlook.co.in,M,1977-04-09,AADHAR-9859-6935-5597,
TP-10792,CLM-02956,Dalaja,,Magar,Dalaja Magar,99193704417,dalaja34@yahoo.com,F,1971-05-20,AADHAR-9307-7024-1437,
TP-10793,CLM-02957,Tara,,Sarna,Tara Sarna,97383154709,tara98@live.com,F,1975-08-02,AADHAR-1657-1723-8774,
TP-10794,CLM-02958,Anmol,,Vaidya,Anmol Vaidya,98953495812,anmol87@yahoo.com,M,1962-07-04,AADHAR-8695-7718-6349,MEM-10553
TP-10795,CLM-02964,Ojas,,Oommen,Ojas Oommen,98299911114,ojas37@rediffmail.com,M,1984-04-23,UID-547145270716,
TP-10796,CLM-02965,Jeevika,,Gola,Jeevika Gola,99873025057,jeevika48@yahoo.com,F,1951-10-16,UID-462939519252,
TP-10797,CLM-02968,Dalbir,,Wason,Dalbir Wason,98202294143,dalbir46@gmail.com,M,2006-02-05,UID-893404824438,MEM-11506
TP-10798,CLM-02970,Jeet,,Nair,Jeet Nair,98100450372,jeet45@rediffmail.com,M,1989-06-02,AADHAR-6924-1607-6846,
TP-10799,CLM-02974,Janaki,,Kapadia,Janaki Kapadia,99284463926,janaki74@live.com,F,1995-09-10,AADHAR-8947-1159-1173,
TP-10800,CLM-02975,Zarna,,Pai,Zarna Pai,97215123486,zarna42@outlook.co.in,F,1950-09-28,AADHAR-1320-6206-1229,
TP-10801,CLM-02976,Ekanta,,Devi,Ekanta Devi,99690251417,ekanta95@rediffmail.com,F,1955-08-12,AADHAR-7603-7468-9662,
TP-10802,CLM-02977,Adweta,,Rau,Adweta Rau,97926272596,adweta77@yahoo.com,F,2002-04-01,AADHAR-1730-2309-2376,MEM-13241
TP-10803,CLM-02981,Finn,,Merchant,Finn Merchant,99795794240,finn75@yahoo.com,M,1971-09-02,VOTER-E229927,
TP-10804,CLM-02982,Nakul,,Prabhakar,Nakul Prabhakar,98392928357,nakul23@yahoo.com,M,2006-08-09,VOTER-E911773,MEM-12447
TP-10805,CLM-02986,Faraj,,Savant,Faraj Savant,99315750042,faraj86@hotmail.com,M,1994-12-09,AADHAR-1869-9473-9700,MEM-12704
TP-10806,CLM-02988,Girindra,,Jain,Girindra Jain,99246447562,girindra24@rediffmail.com,M,1996-12-27,UID-733376372741,
